{"objects": [[0.2, 0.1], [0.2, 0.15000000000000002], [0.25, 0.1], [0.25, 0.15000000000000002], [0.225, 0.125]], "springs": [[0, 1, 0.05000000000000002, 30000.0, 0.15], [2, 3, 0.05000000000000002, 30000.0, 0.15], [1, 3, 0.04999999999999999, 30000.0, 0.15], [0, 2, 0.04999999999999999, 30000.0, 0.15], [0, 4, 0.03535533905932737, 30000.0, 0], [1, 4, 0.03535533905932738, 30000.0, 0], [2, 4, 0.03535533905932737, 30000.0, 0], [3, 4, 0.03535533905932738, 30000.0, 0]], "angle_springs": [[0, 1, 4, 1], [1, 2, 4, 1], [2, 3, 4, 1], [2, 0, 4, 1]]}