{"objects": [[0.1, 0.25], [0.1, 0.30000000000000004], [0.15000000000000002, 0.25], [0.15000000000000002, 0.30000000000000004], [0.125, 0.275], [0.1, 0.2], [0.15000000000000002, 0.2], [0.125, 0.225], [0.2, 0.2], [0.2, 0.25], [0.17500000000000002, 0.225], [0.15000000000000002, 0.15000000000000002], [0.2, 0.15000000000000002], [0.17500000000000002, 0.17500000000000002], [0.25, 0.15000000000000002], [0.25, 0.2], [0.30000000000000004, 0.15000000000000002], [0.30000000000000004, 0.2], [0.275, 0.17500000000000002], [0.1, 0.1], [0.1, 0.15000000000000002], [0.15000000000000002, 0.1], [0.125, 0.125], [0.2, 0.1], [0.17500000000000002, 0.125], [0.25, 0.1], [0.225, 0.125], [0.30000000000000004, 0.1], [0.275, 0.125]], "springs": [[0, 1, 0.050000000000000044, 30000.0, 0.15], [2, 3, 0.050000000000000044, 30000.0, 0.15], [1, 3, 0.05000000000000002, 30000.0, 0.15], [0, 2, 0.05000000000000002, 30000.0, 0.15], [0, 4, 0.03535533905932738, 30000.0, 0], [1, 4, 0.03535533905932738, 30000.0, 0], [2, 4, 0.03535533905932741, 30000.0, 0], [3, 4, 0.03535533905932741, 30000.0, 0], [5, 0, 0.04999999999999999, 30000.0, 0.15], [6, 2, 0.04999999999999999, 30000.0, 0.15], [5, 6, 0.05000000000000002, 30000.0, 0.15], [5, 7, 0.03535533905932737, 30000.0, 0], [0, 7, 0.03535533905932737, 30000.0, 0], [6, 7, 0.03535533905932738, 30000.0, 0], [2, 7, 0.03535533905932738, 30000.0, 0], [8, 9, 0.04999999999999999, 30000.0, 0.15], [2, 9, 0.04999999999999999, 30000.0, 0.15], [6, 8, 0.04999999999999999, 30000.0, 0.15], [6, 10, 0.03535533905932737, 30000.0, 0], [2, 10, 0.03535533905932737, 30000.0, 0], [8, 10, 0.03535533905932737, 30000.0, 0], [9, 10, 0.03535533905932737, 30000.0, 0], [11, 6, 0.04999999999999999, 30000.0, 0.15], [12, 8, 0.04999999999999999, 30000.0, 0.15], [11, 12, 0.04999999999999999, 30000.0, 0.15], [11, 13, 0.03535533905932737, 30000.0, 0], [6, 13, 0.03535533905932737, 30000.0, 0], [12, 13, 0.03535533905932737, 30000.0, 0], [8, 13, 0.03535533905932737, 30000.0, 0], [14, 15, 0.04999999999999999, 30000.0, 0.15], [16, 17, 0.04999999999999999, 30000.0, 0.15], [15, 17, 0.050000000000000044, 30000.0, 0.15], [14, 16, 0.050000000000000044, 30000.0, 0.15], [14, 18, 0.03535533905932738, 30000.0, 0], [15, 18, 0.03535533905932738, 30000.0, 0], [16, 18, 0.03535533905932738, 30000.0, 0], [17, 18, 0.03535533905932738, 30000.0, 0], [19, 20, 0.05000000000000002, 30000.0, 0.15], [21, 11, 0.05000000000000002, 30000.0, 0.15], [20, 11, 0.05000000000000002, 30000.0, 0.15], [19, 21, 0.05000000000000002, 30000.0, 0.15], [19, 22, 0.03535533905932737, 30000.0, 0], [20, 22, 0.03535533905932738, 30000.0, 0], [21, 22, 0.03535533905932738, 30000.0, 0], [11, 22, 0.03535533905932741, 30000.0, 0], [23, 12, 0.05000000000000002, 30000.0, 0.15], [21, 23, 0.04999999999999999, 30000.0, 0.15], [21, 24, 0.03535533905932737, 30000.0, 0], [11, 24, 0.03535533905932738, 30000.0, 0], [23, 24, 0.03535533905932737, 30000.0, 0], [12, 24, 0.03535533905932738, 30000.0, 0], [25, 14, 0.05000000000000002, 30000.0, 0.15], [12, 14, 0.04999999999999999, 30000.0, 0.15], [23, 25, 0.04999999999999999, 30000.0, 0.15], [23, 26, 0.03535533905932737, 30000.0, 0], [12, 26, 0.03535533905932738, 30000.0, 0], [25, 26, 0.03535533905932737, 30000.0, 0], [14, 26, 0.03535533905932738, 30000.0, 0], [27, 16, 0.05000000000000002, 30000.0, 0.15], [25, 27, 0.050000000000000044, 30000.0, 0.15], [25, 28, 0.03535533905932738, 30000.0, 0], [14, 28, 0.03535533905932741, 30000.0, 0], [27, 28, 0.03535533905932738, 30000.0, 0], [16, 28, 0.03535533905932741, 30000.0, 0]], "angle_springs": [[0, 1, 4, 1], [1, 2, 4, 1], [2, 3, 4, 1], [2, 0, 4, 1], [5, 0, 7, 1], [0, 6, 7, 1], [6, 2, 7, 1], [6, 5, 7, 1], [6, 2, 10, 1], [2, 8, 10, 1], [8, 9, 10, 1], [8, 6, 10, 1], [11, 6, 13, 1], [6, 12, 13, 1], [12, 8, 13, 1], [12, 11, 13, 1], [14, 15, 18, 1], [15, 16, 18, 1], [16, 17, 18, 1], [16, 14, 18, 1], [19, 20, 22, 1], [20, 21, 22, 1], [21, 11, 22, 1], [21, 19, 22, 1], [21, 11, 24, 1], [11, 23, 24, 1], [23, 12, 24, 1], [23, 21, 24, 1], [23, 12, 26, 1], [12, 25, 26, 1], [25, 14, 26, 1], [25, 23, 26, 1], [25, 14, 28, 1], [14, 27, 28, 1], [27, 16, 28, 1], [27, 25, 28, 1]]}