{"objects": [[0.1, 0.25], [0.1, 0.30000000000000004], [0.15000000000000002, 0.25], [0.15000000000000002, 0.30000000000000004], [0.125, 0.275], [0.1, 0.2], [0.15000000000000002, 0.2], [0.125, 0.225], [0.2, 0.2], [0.2, 0.25], [0.17500000000000002, 0.225], [0.1, 0.15000000000000002], [0.15000000000000002, 0.15000000000000002], [0.125, 0.17500000000000002], [0.2, 0.15000000000000002], [0.17500000000000002, 0.17500000000000002], [0.25, 0.15000000000000002], [0.25, 0.2], [0.30000000000000004, 0.15000000000000002], [0.30000000000000004, 0.2], [0.275, 0.17500000000000002], [0.15000000000000002, 0.1], [0.2, 0.1], [0.17500000000000002, 0.125], [0.25, 0.1], [0.225, 0.125], [0.30000000000000004, 0.1], [0.275, 0.125]], "springs": [[0, 1, 0.050000000000000044, 30000.0, 0.15], [2, 3, 0.050000000000000044, 30000.0, 0.15], [1, 3, 0.05000000000000002, 30000.0, 0.15], [0, 2, 0.05000000000000002, 30000.0, 0.15], [0, 4, 0.03535533905932738, 30000.0, 0], [1, 4, 0.03535533905932738, 30000.0, 0], [2, 4, 0.03535533905932741, 30000.0, 0], [3, 4, 0.03535533905932741, 30000.0, 0], [5, 0, 0.04999999999999999, 30000.0, 0.15], [6, 2, 0.04999999999999999, 30000.0, 0.15], [5, 6, 0.05000000000000002, 30000.0, 0.15], [5, 7, 0.03535533905932737, 30000.0, 0], [0, 7, 0.03535533905932737, 30000.0, 0], [6, 7, 0.03535533905932738, 30000.0, 0], [2, 7, 0.03535533905932738, 30000.0, 0], [8, 9, 0.04999999999999999, 30000.0, 0.15], [2, 9, 0.04999999999999999, 30000.0, 0.15], [6, 8, 0.04999999999999999, 30000.0, 0.15], [6, 10, 0.03535533905932737, 30000.0, 0], [2, 10, 0.03535533905932737, 30000.0, 0], [8, 10, 0.03535533905932737, 30000.0, 0], [9, 10, 0.03535533905932737, 30000.0, 0], [11, 5, 0.04999999999999999, 30000.0, 0.15], [12, 6, 0.04999999999999999, 30000.0, 0.15], [11, 12, 0.05000000000000002, 30000.0, 0.15], [11, 13, 0.03535533905932737, 30000.0, 0], [5, 13, 0.03535533905932737, 30000.0, 0], [12, 13, 0.03535533905932738, 30000.0, 0], [6, 13, 0.03535533905932738, 30000.0, 0], [14, 8, 0.04999999999999999, 30000.0, 0.15], [12, 14, 0.04999999999999999, 30000.0, 0.15], [12, 15, 0.03535533905932737, 30000.0, 0], [6, 15, 0.03535533905932737, 30000.0, 0], [14, 15, 0.03535533905932737, 30000.0, 0], [8, 15, 0.03535533905932737, 30000.0, 0], [16, 17, 0.04999999999999999, 30000.0, 0.15], [18, 19, 0.04999999999999999, 30000.0, 0.15], [17, 19, 0.050000000000000044, 30000.0, 0.15], [16, 18, 0.050000000000000044, 30000.0, 0.15], [16, 20, 0.03535533905932738, 30000.0, 0], [17, 20, 0.03535533905932738, 30000.0, 0], [18, 20, 0.03535533905932738, 30000.0, 0], [19, 20, 0.03535533905932738, 30000.0, 0], [21, 12, 0.05000000000000002, 30000.0, 0.15], [22, 14, 0.05000000000000002, 30000.0, 0.15], [21, 22, 0.04999999999999999, 30000.0, 0.15], [21, 23, 0.03535533905932737, 30000.0, 0], [12, 23, 0.03535533905932738, 30000.0, 0], [22, 23, 0.03535533905932737, 30000.0, 0], [14, 23, 0.03535533905932738, 30000.0, 0], [24, 16, 0.05000000000000002, 30000.0, 0.15], [14, 16, 0.04999999999999999, 30000.0, 0.15], [22, 24, 0.04999999999999999, 30000.0, 0.15], [22, 25, 0.03535533905932737, 30000.0, 0], [14, 25, 0.03535533905932738, 30000.0, 0], [24, 25, 0.03535533905932737, 30000.0, 0], [16, 25, 0.03535533905932738, 30000.0, 0], [26, 18, 0.05000000000000002, 30000.0, 0.15], [24, 26, 0.050000000000000044, 30000.0, 0.15], [24, 27, 0.03535533905932738, 30000.0, 0], [16, 27, 0.03535533905932741, 30000.0, 0], [26, 27, 0.03535533905932738, 30000.0, 0], [18, 27, 0.03535533905932741, 30000.0, 0]], "angle_springs": [[0, 1, 4, 1], [1, 2, 4, 1], [2, 3, 4, 1], [2, 0, 4, 1], [5, 0, 7, 1], [0, 6, 7, 1], [6, 2, 7, 1], [6, 5, 7, 1], [6, 2, 10, 1], [2, 8, 10, 1], [8, 9, 10, 1], [8, 6, 10, 1], [11, 5, 13, 1], [5, 12, 13, 1], [12, 6, 13, 1], [12, 11, 13, 1], [12, 6, 15, 1], [6, 14, 15, 1], [14, 8, 15, 1], [14, 12, 15, 1], [16, 17, 20, 1], [17, 18, 20, 1], [18, 19, 20, 1], [18, 16, 20, 1], [21, 12, 23, 1], [12, 22, 23, 1], [22, 14, 23, 1], [22, 21, 23, 1], [22, 14, 25, 1], [14, 24, 25, 1], [24, 16, 25, 1], [24, 22, 25, 1], [24, 16, 27, 1], [16, 26, 27, 1], [26, 18, 27, 1], [26, 24, 27, 1]]}