{"objects": [[0.1, 0.25], [0.1, 0.30000000000000004], [0.15000000000000002, 0.25], [0.15000000000000002, 0.30000000000000004], [0.125, 0.275], [0.2, 0.25], [0.2, 0.30000000000000004], [0.25, 0.25], [0.25, 0.30000000000000004], [0.225, 0.275], [0.30000000000000004, 0.25], [0.30000000000000004, 0.30000000000000004], [0.275, 0.275], [0.1, 0.2], [0.15000000000000002, 0.2], [0.125, 0.225], [0.2, 0.2], [0.17500000000000002, 0.225], [0.25, 0.2], [0.225, 0.225], [0.30000000000000004, 0.2], [0.275, 0.225], [0.2, 0.15000000000000002], [0.25, 0.15000000000000002], [0.225, 0.17500000000000002], [0.2, 0.1], [0.25, 0.1], [0.225, 0.125]], "springs": [[0, 1, 0.050000000000000044, 30000.0, 0.15], [2, 3, 0.050000000000000044, 30000.0, 0.15], [1, 3, 0.05000000000000002, 30000.0, 0.15], [0, 2, 0.05000000000000002, 30000.0, 0.15], [0, 4, 0.03535533905932738, 30000.0, 0], [1, 4, 0.03535533905932738, 30000.0, 0], [2, 4, 0.03535533905932741, 30000.0, 0], [3, 4, 0.03535533905932741, 30000.0, 0], [5, 6, 0.050000000000000044, 30000.0, 0.15], [7, 8, 0.050000000000000044, 30000.0, 0.15], [6, 8, 0.04999999999999999, 30000.0, 0.15], [5, 7, 0.04999999999999999, 30000.0, 0.15], [5, 9, 0.03535533905932738, 30000.0, 0], [6, 9, 0.03535533905932738, 30000.0, 0], [7, 9, 0.03535533905932738, 30000.0, 0], [8, 9, 0.03535533905932738, 30000.0, 0], [10, 11, 0.050000000000000044, 30000.0, 0.15], [8, 11, 0.050000000000000044, 30000.0, 0.15], [7, 10, 0.050000000000000044, 30000.0, 0.15], [7, 12, 0.03535533905932741, 30000.0, 0], [8, 12, 0.03535533905932741, 30000.0, 0], [10, 12, 0.03535533905932741, 30000.0, 0], [11, 12, 0.03535533905932741, 30000.0, 0], [13, 0, 0.04999999999999999, 30000.0, 0.15], [14, 2, 0.04999999999999999, 30000.0, 0.15], [13, 14, 0.05000000000000002, 30000.0, 0.15], [13, 15, 0.03535533905932737, 30000.0, 0], [0, 15, 0.03535533905932737, 30000.0, 0], [14, 15, 0.03535533905932738, 30000.0, 0], [2, 15, 0.03535533905932738, 30000.0, 0], [16, 5, 0.04999999999999999, 30000.0, 0.15], [2, 5, 0.04999999999999999, 30000.0, 0.15], [14, 16, 0.04999999999999999, 30000.0, 0.15], [14, 17, 0.03535533905932737, 30000.0, 0], [2, 17, 0.03535533905932737, 30000.0, 0], [16, 17, 0.03535533905932737, 30000.0, 0], [5, 17, 0.03535533905932737, 30000.0, 0], [18, 7, 0.04999999999999999, 30000.0, 0.15], [16, 18, 0.04999999999999999, 30000.0, 0.15], [16, 19, 0.03535533905932737, 30000.0, 0], [5, 19, 0.03535533905932737, 30000.0, 0], [18, 19, 0.03535533905932737, 30000.0, 0], [7, 19, 0.03535533905932737, 30000.0, 0], [20, 10, 0.04999999999999999, 30000.0, 0.15], [18, 20, 0.050000000000000044, 30000.0, 0.15], [18, 21, 0.03535533905932738, 30000.0, 0], [7, 21, 0.03535533905932738, 30000.0, 0], [20, 21, 0.03535533905932738, 30000.0, 0], [10, 21, 0.03535533905932738, 30000.0, 0], [22, 16, 0.04999999999999999, 30000.0, 0.15], [23, 18, 0.04999999999999999, 30000.0, 0.15], [22, 23, 0.04999999999999999, 30000.0, 0.15], [22, 24, 0.03535533905932737, 30000.0, 0], [16, 24, 0.03535533905932737, 30000.0, 0], [23, 24, 0.03535533905932737, 30000.0, 0], [18, 24, 0.03535533905932737, 30000.0, 0], [25, 22, 0.05000000000000002, 30000.0, 0.15], [26, 23, 0.05000000000000002, 30000.0, 0.15], [25, 26, 0.04999999999999999, 30000.0, 0.15], [25, 27, 0.03535533905932737, 30000.0, 0], [22, 27, 0.03535533905932738, 30000.0, 0], [26, 27, 0.03535533905932737, 30000.0, 0], [23, 27, 0.03535533905932738, 30000.0, 0]], "angle_springs": [[0, 1, 4, 1], [1, 2, 4, 1], [2, 3, 4, 1], [2, 0, 4, 1], [5, 6, 9, 1], [6, 7, 9, 1], [7, 8, 9, 1], [7, 5, 9, 1], [7, 8, 12, 1], [8, 10, 12, 1], [10, 11, 12, 1], [10, 7, 12, 1], [13, 0, 15, 1], [0, 14, 15, 1], [14, 2, 15, 1], [14, 13, 15, 1], [14, 2, 17, 1], [2, 16, 17, 1], [16, 5, 17, 1], [16, 14, 17, 1], [16, 5, 19, 1], [5, 18, 19, 1], [18, 7, 19, 1], [18, 16, 19, 1], [18, 7, 21, 1], [7, 20, 21, 1], [20, 10, 21, 1], [20, 18, 21, 1], [22, 16, 24, 1], [16, 23, 24, 1], [23, 18, 24, 1], [23, 22, 24, 1], [25, 22, 27, 1], [22, 26, 27, 1], [26, 23, 27, 1], [26, 25, 27, 1]]}