{"objects": [[0.1, 0.25], [0.1, 0.30000000000000004], [0.15000000000000002, 0.25], [0.15000000000000002, 0.30000000000000004], [0.125, 0.275], [0.2, 0.25], [0.2, 0.30000000000000004], [0.17500000000000002, 0.275], [0.15000000000000002, 0.2], [0.2, 0.2], [0.17500000000000002, 0.225], [0.25, 0.2], [0.25, 0.25], [0.30000000000000004, 0.2], [0.30000000000000004, 0.25], [0.275, 0.225], [0.1, 0.15000000000000002], [0.1, 0.2], [0.15000000000000002, 0.15000000000000002], [0.125, 0.17500000000000002], [0.2, 0.15000000000000002], [0.17500000000000002, 0.17500000000000002], [0.25, 0.15000000000000002], [0.225, 0.17500000000000002], [0.30000000000000004, 0.15000000000000002], [0.275, 0.17500000000000002], [0.1, 0.1], [0.15000000000000002, 0.1], [0.125, 0.125]], "springs": [[0, 1, 0.050000000000000044, 30000.0, 0.15], [2, 3, 0.050000000000000044, 30000.0, 0.15], [1, 3, 0.05000000000000002, 30000.0, 0.15], [0, 2, 0.05000000000000002, 30000.0, 0.15], [0, 4, 0.03535533905932738, 30000.0, 0], [1, 4, 0.03535533905932738, 30000.0, 0], [2, 4, 0.03535533905932741, 30000.0, 0], [3, 4, 0.03535533905932741, 30000.0, 0], [5, 6, 0.050000000000000044, 30000.0, 0.15], [3, 6, 0.04999999999999999, 30000.0, 0.15], [2, 5, 0.04999999999999999, 30000.0, 0.15], [2, 7, 0.03535533905932738, 30000.0, 0], [3, 7, 0.03535533905932738, 30000.0, 0], [5, 7, 0.03535533905932738, 30000.0, 0], [6, 7, 0.03535533905932738, 30000.0, 0], [8, 2, 0.04999999999999999, 30000.0, 0.15], [9, 5, 0.04999999999999999, 30000.0, 0.15], [8, 9, 0.04999999999999999, 30000.0, 0.15], [8, 10, 0.03535533905932737, 30000.0, 0], [2, 10, 0.03535533905932737, 30000.0, 0], [9, 10, 0.03535533905932737, 30000.0, 0], [5, 10, 0.03535533905932737, 30000.0, 0], [11, 12, 0.04999999999999999, 30000.0, 0.15], [13, 14, 0.04999999999999999, 30000.0, 0.15], [12, 14, 0.050000000000000044, 30000.0, 0.15], [11, 13, 0.050000000000000044, 30000.0, 0.15], [11, 15, 0.03535533905932738, 30000.0, 0], [12, 15, 0.03535533905932738, 30000.0, 0], [13, 15, 0.03535533905932738, 30000.0, 0], [14, 15, 0.03535533905932738, 30000.0, 0], [16, 17, 0.04999999999999999, 30000.0, 0.15], [18, 8, 0.04999999999999999, 30000.0, 0.15], [17, 8, 0.05000000000000002, 30000.0, 0.15], [16, 18, 0.05000000000000002, 30000.0, 0.15], [16, 19, 0.03535533905932737, 30000.0, 0], [17, 19, 0.03535533905932737, 30000.0, 0], [18, 19, 0.03535533905932738, 30000.0, 0], [8, 19, 0.03535533905932738, 30000.0, 0], [20, 9, 0.04999999999999999, 30000.0, 0.15], [18, 20, 0.04999999999999999, 30000.0, 0.15], [18, 21, 0.03535533905932737, 30000.0, 0], [8, 21, 0.03535533905932737, 30000.0, 0], [20, 21, 0.03535533905932737, 30000.0, 0], [9, 21, 0.03535533905932737, 30000.0, 0], [22, 11, 0.04999999999999999, 30000.0, 0.15], [9, 11, 0.04999999999999999, 30000.0, 0.15], [20, 22, 0.04999999999999999, 30000.0, 0.15], [20, 23, 0.03535533905932737, 30000.0, 0], [9, 23, 0.03535533905932737, 30000.0, 0], [22, 23, 0.03535533905932737, 30000.0, 0], [11, 23, 0.03535533905932737, 30000.0, 0], [24, 13, 0.04999999999999999, 30000.0, 0.15], [22, 24, 0.050000000000000044, 30000.0, 0.15], [22, 25, 0.03535533905932738, 30000.0, 0], [11, 25, 0.03535533905932738, 30000.0, 0], [24, 25, 0.03535533905932738, 30000.0, 0], [13, 25, 0.03535533905932738, 30000.0, 0], [26, 16, 0.05000000000000002, 30000.0, 0.15], [27, 18, 0.05000000000000002, 30000.0, 0.15], [26, 27, 0.05000000000000002, 30000.0, 0.15], [26, 28, 0.03535533905932737, 30000.0, 0], [16, 28, 0.03535533905932738, 30000.0, 0], [27, 28, 0.03535533905932738, 30000.0, 0], [18, 28, 0.03535533905932741, 30000.0, 0]], "angle_springs": [[0, 1, 4, 1], [1, 2, 4, 1], [2, 3, 4, 1], [2, 0, 4, 1], [2, 3, 7, 1], [3, 5, 7, 1], [5, 6, 7, 1], [5, 2, 7, 1], [8, 2, 10, 1], [2, 9, 10, 1], [9, 5, 10, 1], [9, 8, 10, 1], [11, 12, 15, 1], [12, 13, 15, 1], [13, 14, 15, 1], [13, 11, 15, 1], [16, 17, 19, 1], [17, 18, 19, 1], [18, 8, 19, 1], [18, 16, 19, 1], [18, 8, 21, 1], [8, 20, 21, 1], [20, 9, 21, 1], [20, 18, 21, 1], [20, 9, 23, 1], [9, 22, 23, 1], [22, 11, 23, 1], [22, 20, 23, 1], [22, 11, 25, 1], [11, 24, 25, 1], [24, 13, 25, 1], [24, 22, 25, 1], [26, 16, 28, 1], [16, 27, 28, 1], [27, 18, 28, 1], [27, 26, 28, 1]]}