{"objects": [[0.1, 0.25], [0.1, 0.30000000000000004], [0.15000000000000002, 0.25], [0.15000000000000002, 0.30000000000000004], [0.125, 0.275], [0.2, 0.25], [0.2, 0.30000000000000004], [0.25, 0.25], [0.25, 0.30000000000000004], [0.225, 0.275], [0.1, 0.2], [0.15000000000000002, 0.2], [0.125, 0.225], [0.2, 0.2], [0.25, 0.2], [0.225, 0.225], [0.30000000000000004, 0.2], [0.30000000000000004, 0.25], [0.275, 0.225], [0.1, 0.15000000000000002], [0.15000000000000002, 0.15000000000000002], [0.125, 0.17500000000000002], [0.2, 0.15000000000000002], [0.17500000000000002, 0.17500000000000002], [0.25, 0.15000000000000002], [0.225, 0.17500000000000002], [0.1, 0.1], [0.15000000000000002, 0.1], [0.125, 0.125]], "springs": [[0, 1, 0.050000000000000044, 30000.0, 0.15], [2, 3, 0.050000000000000044, 30000.0, 0.15], [1, 3, 0.05000000000000002, 30000.0, 0.15], [0, 2, 0.05000000000000002, 30000.0, 0.15], [0, 4, 0.03535533905932738, 30000.0, 0], [1, 4, 0.03535533905932738, 30000.0, 0], [2, 4, 0.03535533905932741, 30000.0, 0], [3, 4, 0.03535533905932741, 30000.0, 0], [5, 6, 0.050000000000000044, 30000.0, 0.15], [7, 8, 0.050000000000000044, 30000.0, 0.15], [6, 8, 0.04999999999999999, 30000.0, 0.15], [5, 7, 0.04999999999999999, 30000.0, 0.15], [5, 9, 0.03535533905932738, 30000.0, 0], [6, 9, 0.03535533905932738, 30000.0, 0], [7, 9, 0.03535533905932738, 30000.0, 0], [8, 9, 0.03535533905932738, 30000.0, 0], [10, 0, 0.04999999999999999, 30000.0, 0.15], [11, 2, 0.04999999999999999, 30000.0, 0.15], [10, 11, 0.05000000000000002, 30000.0, 0.15], [10, 12, 0.03535533905932737, 30000.0, 0], [0, 12, 0.03535533905932737, 30000.0, 0], [11, 12, 0.03535533905932738, 30000.0, 0], [2, 12, 0.03535533905932738, 30000.0, 0], [13, 5, 0.04999999999999999, 30000.0, 0.15], [14, 7, 0.04999999999999999, 30000.0, 0.15], [13, 14, 0.04999999999999999, 30000.0, 0.15], [13, 15, 0.03535533905932737, 30000.0, 0], [5, 15, 0.03535533905932737, 30000.0, 0], [14, 15, 0.03535533905932737, 30000.0, 0], [7, 15, 0.03535533905932737, 30000.0, 0], [16, 17, 0.04999999999999999, 30000.0, 0.15], [7, 17, 0.050000000000000044, 30000.0, 0.15], [14, 16, 0.050000000000000044, 30000.0, 0.15], [14, 18, 0.03535533905932738, 30000.0, 0], [7, 18, 0.03535533905932738, 30000.0, 0], [16, 18, 0.03535533905932738, 30000.0, 0], [17, 18, 0.03535533905932738, 30000.0, 0], [19, 10, 0.04999999999999999, 30000.0, 0.15], [20, 11, 0.04999999999999999, 30000.0, 0.15], [19, 20, 0.05000000000000002, 30000.0, 0.15], [19, 21, 0.03535533905932737, 30000.0, 0], [10, 21, 0.03535533905932737, 30000.0, 0], [20, 21, 0.03535533905932738, 30000.0, 0], [11, 21, 0.03535533905932738, 30000.0, 0], [22, 13, 0.04999999999999999, 30000.0, 0.15], [11, 13, 0.04999999999999999, 30000.0, 0.15], [20, 22, 0.04999999999999999, 30000.0, 0.15], [20, 23, 0.03535533905932737, 30000.0, 0], [11, 23, 0.03535533905932737, 30000.0, 0], [22, 23, 0.03535533905932737, 30000.0, 0], [13, 23, 0.03535533905932737, 30000.0, 0], [24, 14, 0.04999999999999999, 30000.0, 0.15], [22, 24, 0.04999999999999999, 30000.0, 0.15], [22, 25, 0.03535533905932737, 30000.0, 0], [13, 25, 0.03535533905932737, 30000.0, 0], [24, 25, 0.03535533905932737, 30000.0, 0], [14, 25, 0.03535533905932737, 30000.0, 0], [26, 19, 0.05000000000000002, 30000.0, 0.15], [27, 20, 0.05000000000000002, 30000.0, 0.15], [26, 27, 0.05000000000000002, 30000.0, 0.15], [26, 28, 0.03535533905932737, 30000.0, 0], [19, 28, 0.03535533905932738, 30000.0, 0], [27, 28, 0.03535533905932738, 30000.0, 0], [20, 28, 0.03535533905932741, 30000.0, 0]], "angle_springs": [[0, 1, 4, 1], [1, 2, 4, 1], [2, 3, 4, 1], [2, 0, 4, 1], [5, 6, 9, 1], [6, 7, 9, 1], [7, 8, 9, 1], [7, 5, 9, 1], [10, 0, 12, 1], [0, 11, 12, 1], [11, 2, 12, 1], [11, 10, 12, 1], [13, 5, 15, 1], [5, 14, 15, 1], [14, 7, 15, 1], [14, 13, 15, 1], [14, 7, 18, 1], [7, 16, 18, 1], [16, 17, 18, 1], [16, 14, 18, 1], [19, 10, 21, 1], [10, 20, 21, 1], [20, 11, 21, 1], [20, 19, 21, 1], [20, 11, 23, 1], [11, 22, 23, 1], [22, 13, 23, 1], [22, 20, 23, 1], [22, 13, 25, 1], [13, 24, 25, 1], [24, 14, 25, 1], [24, 22, 25, 1], [26, 19, 28, 1], [19, 27, 28, 1], [27, 20, 28, 1], [27, 26, 28, 1]]}