{"objects": [[0.1, 0.25], [0.1, 0.30000000000000004], [0.15000000000000002, 0.25], [0.15000000000000002, 0.30000000000000004], [0.125, 0.275], [0.2, 0.25], [0.2, 0.30000000000000004], [0.17500000000000002, 0.275], [0.25, 0.25], [0.25, 0.30000000000000004], [0.225, 0.275], [0.1, 0.2], [0.15000000000000002, 0.2], [0.125, 0.225], [0.2, 0.2], [0.25, 0.2], [0.225, 0.225], [0.30000000000000004, 0.2], [0.30000000000000004, 0.25], [0.275, 0.225], [0.2, 0.15000000000000002], [0.25, 0.15000000000000002], [0.225, 0.17500000000000002], [0.30000000000000004, 0.15000000000000002], [0.275, 0.17500000000000002], [0.25, 0.1], [0.30000000000000004, 0.1], [0.275, 0.125]], "springs": [[0, 1, 0.050000000000000044, 30000.0, 0.15], [2, 3, 0.050000000000000044, 30000.0, 0.15], [1, 3, 0.05000000000000002, 30000.0, 0.15], [0, 2, 0.05000000000000002, 30000.0, 0.15], [0, 4, 0.03535533905932738, 30000.0, 0], [1, 4, 0.03535533905932738, 30000.0, 0], [2, 4, 0.03535533905932741, 30000.0, 0], [3, 4, 0.03535533905932741, 30000.0, 0], [5, 6, 0.050000000000000044, 30000.0, 0.15], [3, 6, 0.04999999999999999, 30000.0, 0.15], [2, 5, 0.04999999999999999, 30000.0, 0.15], [2, 7, 0.03535533905932738, 30000.0, 0], [3, 7, 0.03535533905932738, 30000.0, 0], [5, 7, 0.03535533905932738, 30000.0, 0], [6, 7, 0.03535533905932738, 30000.0, 0], [8, 9, 0.050000000000000044, 30000.0, 0.15], [6, 9, 0.04999999999999999, 30000.0, 0.15], [5, 8, 0.04999999999999999, 30000.0, 0.15], [5, 10, 0.03535533905932738, 30000.0, 0], [6, 10, 0.03535533905932738, 30000.0, 0], [8, 10, 0.03535533905932738, 30000.0, 0], [9, 10, 0.03535533905932738, 30000.0, 0], [11, 0, 0.04999999999999999, 30000.0, 0.15], [12, 2, 0.04999999999999999, 30000.0, 0.15], [11, 12, 0.05000000000000002, 30000.0, 0.15], [11, 13, 0.03535533905932737, 30000.0, 0], [0, 13, 0.03535533905932737, 30000.0, 0], [12, 13, 0.03535533905932738, 30000.0, 0], [2, 13, 0.03535533905932738, 30000.0, 0], [14, 5, 0.04999999999999999, 30000.0, 0.15], [15, 8, 0.04999999999999999, 30000.0, 0.15], [14, 15, 0.04999999999999999, 30000.0, 0.15], [14, 16, 0.03535533905932737, 30000.0, 0], [5, 16, 0.03535533905932737, 30000.0, 0], [15, 16, 0.03535533905932737, 30000.0, 0], [8, 16, 0.03535533905932737, 30000.0, 0], [17, 18, 0.04999999999999999, 30000.0, 0.15], [8, 18, 0.050000000000000044, 30000.0, 0.15], [15, 17, 0.050000000000000044, 30000.0, 0.15], [15, 19, 0.03535533905932738, 30000.0, 0], [8, 19, 0.03535533905932738, 30000.0, 0], [17, 19, 0.03535533905932738, 30000.0, 0], [18, 19, 0.03535533905932738, 30000.0, 0], [20, 14, 0.04999999999999999, 30000.0, 0.15], [21, 15, 0.04999999999999999, 30000.0, 0.15], [20, 21, 0.04999999999999999, 30000.0, 0.15], [20, 22, 0.03535533905932737, 30000.0, 0], [14, 22, 0.03535533905932737, 30000.0, 0], [21, 22, 0.03535533905932737, 30000.0, 0], [15, 22, 0.03535533905932737, 30000.0, 0], [23, 17, 0.04999999999999999, 30000.0, 0.15], [21, 23, 0.050000000000000044, 30000.0, 0.15], [21, 24, 0.03535533905932738, 30000.0, 0], [15, 24, 0.03535533905932738, 30000.0, 0], [23, 24, 0.03535533905932738, 30000.0, 0], [17, 24, 0.03535533905932738, 30000.0, 0], [25, 21, 0.05000000000000002, 30000.0, 0.15], [26, 23, 0.05000000000000002, 30000.0, 0.15], [25, 26, 0.050000000000000044, 30000.0, 0.15], [25, 27, 0.03535533905932738, 30000.0, 0], [21, 27, 0.03535533905932741, 30000.0, 0], [26, 27, 0.03535533905932738, 30000.0, 0], [23, 27, 0.03535533905932741, 30000.0, 0]], "angle_springs": [[0, 1, 4, 1], [1, 2, 4, 1], [2, 3, 4, 1], [2, 0, 4, 1], [2, 3, 7, 1], [3, 5, 7, 1], [5, 6, 7, 1], [5, 2, 7, 1], [5, 6, 10, 1], [6, 8, 10, 1], [8, 9, 10, 1], [8, 5, 10, 1], [11, 0, 13, 1], [0, 12, 13, 1], [12, 2, 13, 1], [12, 11, 13, 1], [14, 5, 16, 1], [5, 15, 16, 1], [15, 8, 16, 1], [15, 14, 16, 1], [15, 8, 19, 1], [8, 17, 19, 1], [17, 18, 19, 1], [17, 15, 19, 1], [20, 14, 22, 1], [14, 21, 22, 1], [21, 15, 22, 1], [21, 20, 22, 1], [21, 15, 24, 1], [15, 23, 24, 1], [23, 17, 24, 1], [23, 21, 24, 1], [25, 21, 27, 1], [21, 26, 27, 1], [26, 23, 27, 1], [26, 25, 27, 1]]}