{"objects": [[0.1, 0.25], [0.1, 0.30000000000000004], [0.15000000000000002, 0.25], [0.15000000000000002, 0.30000000000000004], [0.125, 0.275], [0.2, 0.25], [0.2, 0.30000000000000004], [0.17500000000000002, 0.275], [0.1, 0.2], [0.15000000000000002, 0.2], [0.125, 0.225], [0.1, 0.15000000000000002], [0.15000000000000002, 0.15000000000000002], [0.125, 0.17500000000000002], [0.2, 0.15000000000000002], [0.2, 0.2], [0.17500000000000002, 0.17500000000000002], [0.25, 0.15000000000000002], [0.25, 0.2], [0.30000000000000004, 0.15000000000000002], [0.30000000000000004, 0.2], [0.275, 0.17500000000000002], [0.15000000000000002, 0.1], [0.2, 0.1], [0.17500000000000002, 0.125], [0.25, 0.1], [0.225, 0.125], [0.30000000000000004, 0.1], [0.275, 0.125]], "springs": [[0, 1, 0.050000000000000044, 30000.0, 0.15], [2, 3, 0.050000000000000044, 30000.0, 0.15], [1, 3, 0.05000000000000002, 30000.0, 0.15], [0, 2, 0.05000000000000002, 30000.0, 0.15], [0, 4, 0.03535533905932738, 30000.0, 0], [1, 4, 0.03535533905932738, 30000.0, 0], [2, 4, 0.03535533905932741, 30000.0, 0], [3, 4, 0.03535533905932741, 30000.0, 0], [5, 6, 0.050000000000000044, 30000.0, 0.15], [3, 6, 0.04999999999999999, 30000.0, 0.15], [2, 5, 0.04999999999999999, 30000.0, 0.15], [2, 7, 0.03535533905932738, 30000.0, 0], [3, 7, 0.03535533905932738, 30000.0, 0], [5, 7, 0.03535533905932738, 30000.0, 0], [6, 7, 0.03535533905932738, 30000.0, 0], [8, 0, 0.04999999999999999, 30000.0, 0.15], [9, 2, 0.04999999999999999, 30000.0, 0.15], [8, 9, 0.05000000000000002, 30000.0, 0.15], [8, 10, 0.03535533905932737, 30000.0, 0], [0, 10, 0.03535533905932737, 30000.0, 0], [9, 10, 0.03535533905932738, 30000.0, 0], [2, 10, 0.03535533905932738, 30000.0, 0], [11, 8, 0.04999999999999999, 30000.0, 0.15], [12, 9, 0.04999999999999999, 30000.0, 0.15], [11, 12, 0.05000000000000002, 30000.0, 0.15], [11, 13, 0.03535533905932737, 30000.0, 0], [8, 13, 0.03535533905932737, 30000.0, 0], [12, 13, 0.03535533905932738, 30000.0, 0], [9, 13, 0.03535533905932738, 30000.0, 0], [14, 15, 0.04999999999999999, 30000.0, 0.15], [9, 15, 0.04999999999999999, 30000.0, 0.15], [12, 14, 0.04999999999999999, 30000.0, 0.15], [12, 16, 0.03535533905932737, 30000.0, 0], [9, 16, 0.03535533905932737, 30000.0, 0], [14, 16, 0.03535533905932737, 30000.0, 0], [15, 16, 0.03535533905932737, 30000.0, 0], [17, 18, 0.04999999999999999, 30000.0, 0.15], [19, 20, 0.04999999999999999, 30000.0, 0.15], [18, 20, 0.050000000000000044, 30000.0, 0.15], [17, 19, 0.050000000000000044, 30000.0, 0.15], [17, 21, 0.03535533905932738, 30000.0, 0], [18, 21, 0.03535533905932738, 30000.0, 0], [19, 21, 0.03535533905932738, 30000.0, 0], [20, 21, 0.03535533905932738, 30000.0, 0], [22, 12, 0.05000000000000002, 30000.0, 0.15], [23, 14, 0.05000000000000002, 30000.0, 0.15], [22, 23, 0.04999999999999999, 30000.0, 0.15], [22, 24, 0.03535533905932737, 30000.0, 0], [12, 24, 0.03535533905932738, 30000.0, 0], [23, 24, 0.03535533905932737, 30000.0, 0], [14, 24, 0.03535533905932738, 30000.0, 0], [25, 17, 0.05000000000000002, 30000.0, 0.15], [14, 17, 0.04999999999999999, 30000.0, 0.15], [23, 25, 0.04999999999999999, 30000.0, 0.15], [23, 26, 0.03535533905932737, 30000.0, 0], [14, 26, 0.03535533905932738, 30000.0, 0], [25, 26, 0.03535533905932737, 30000.0, 0], [17, 26, 0.03535533905932738, 30000.0, 0], [27, 19, 0.05000000000000002, 30000.0, 0.15], [25, 27, 0.050000000000000044, 30000.0, 0.15], [25, 28, 0.03535533905932738, 30000.0, 0], [17, 28, 0.03535533905932741, 30000.0, 0], [27, 28, 0.03535533905932738, 30000.0, 0], [19, 28, 0.03535533905932741, 30000.0, 0]], "angle_springs": [[0, 1, 4, 1], [1, 2, 4, 1], [2, 3, 4, 1], [2, 0, 4, 1], [2, 3, 7, 1], [3, 5, 7, 1], [5, 6, 7, 1], [5, 2, 7, 1], [8, 0, 10, 1], [0, 9, 10, 1], [9, 2, 10, 1], [9, 8, 10, 1], [11, 8, 13, 1], [8, 12, 13, 1], [12, 9, 13, 1], [12, 11, 13, 1], [12, 9, 16, 1], [9, 14, 16, 1], [14, 15, 16, 1], [14, 12, 16, 1], [17, 18, 21, 1], [18, 19, 21, 1], [19, 20, 21, 1], [19, 17, 21, 1], [22, 12, 24, 1], [12, 23, 24, 1], [23, 14, 24, 1], [23, 22, 24, 1], [23, 14, 26, 1], [14, 25, 26, 1], [25, 17, 26, 1], [25, 23, 26, 1], [25, 17, 28, 1], [17, 27, 28, 1], [27, 19, 28, 1], [27, 25, 28, 1]]}