{"objects": [[0.1, 0.25], [0.1, 0.30000000000000004], [0.15000000000000002, 0.25], [0.15000000000000002, 0.30000000000000004], [0.125, 0.275], [0.2, 0.25], [0.2, 0.30000000000000004], [0.17500000000000002, 0.275], [0.25, 0.25], [0.25, 0.30000000000000004], [0.30000000000000004, 0.25], [0.30000000000000004, 0.30000000000000004], [0.275, 0.275], [0.15000000000000002, 0.2], [0.2, 0.2], [0.17500000000000002, 0.225], [0.25, 0.2], [0.30000000000000004, 0.2], [0.275, 0.225], [0.1, 0.15000000000000002], [0.1, 0.2], [0.15000000000000002, 0.15000000000000002], [0.125, 0.17500000000000002], [0.2, 0.15000000000000002], [0.17500000000000002, 0.17500000000000002], [0.25, 0.15000000000000002], [0.225, 0.17500000000000002], [0.30000000000000004, 0.15000000000000002], [0.275, 0.17500000000000002]], "springs": [[0, 1, 0.050000000000000044, 30000.0, 0.15], [2, 3, 0.050000000000000044, 30000.0, 0.15], [1, 3, 0.05000000000000002, 30000.0, 0.15], [0, 2, 0.05000000000000002, 30000.0, 0.15], [0, 4, 0.03535533905932738, 30000.0, 0], [1, 4, 0.03535533905932738, 30000.0, 0], [2, 4, 0.03535533905932741, 30000.0, 0], [3, 4, 0.03535533905932741, 30000.0, 0], [5, 6, 0.050000000000000044, 30000.0, 0.15], [3, 6, 0.04999999999999999, 30000.0, 0.15], [2, 5, 0.04999999999999999, 30000.0, 0.15], [2, 7, 0.03535533905932738, 30000.0, 0], [3, 7, 0.03535533905932738, 30000.0, 0], [5, 7, 0.03535533905932738, 30000.0, 0], [6, 7, 0.03535533905932738, 30000.0, 0], [8, 9, 0.050000000000000044, 30000.0, 0.15], [10, 11, 0.050000000000000044, 30000.0, 0.15], [9, 11, 0.050000000000000044, 30000.0, 0.15], [8, 10, 0.050000000000000044, 30000.0, 0.15], [8, 12, 0.03535533905932741, 30000.0, 0], [9, 12, 0.03535533905932741, 30000.0, 0], [10, 12, 0.03535533905932741, 30000.0, 0], [11, 12, 0.03535533905932741, 30000.0, 0], [13, 2, 0.04999999999999999, 30000.0, 0.15], [14, 5, 0.04999999999999999, 30000.0, 0.15], [13, 14, 0.04999999999999999, 30000.0, 0.15], [13, 15, 0.03535533905932737, 30000.0, 0], [2, 15, 0.03535533905932737, 30000.0, 0], [14, 15, 0.03535533905932737, 30000.0, 0], [5, 15, 0.03535533905932737, 30000.0, 0], [16, 8, 0.04999999999999999, 30000.0, 0.15], [17, 10, 0.04999999999999999, 30000.0, 0.15], [16, 17, 0.050000000000000044, 30000.0, 0.15], [16, 18, 0.03535533905932738, 30000.0, 0], [8, 18, 0.03535533905932738, 30000.0, 0], [17, 18, 0.03535533905932738, 30000.0, 0], [10, 18, 0.03535533905932738, 30000.0, 0], [19, 20, 0.04999999999999999, 30000.0, 0.15], [21, 13, 0.04999999999999999, 30000.0, 0.15], [20, 13, 0.05000000000000002, 30000.0, 0.15], [19, 21, 0.05000000000000002, 30000.0, 0.15], [19, 22, 0.03535533905932737, 30000.0, 0], [20, 22, 0.03535533905932737, 30000.0, 0], [21, 22, 0.03535533905932738, 30000.0, 0], [13, 22, 0.03535533905932738, 30000.0, 0], [23, 14, 0.04999999999999999, 30000.0, 0.15], [21, 23, 0.04999999999999999, 30000.0, 0.15], [21, 24, 0.03535533905932737, 30000.0, 0], [13, 24, 0.03535533905932737, 30000.0, 0], [23, 24, 0.03535533905932737, 30000.0, 0], [14, 24, 0.03535533905932737, 30000.0, 0], [25, 16, 0.04999999999999999, 30000.0, 0.15], [14, 16, 0.04999999999999999, 30000.0, 0.15], [23, 25, 0.04999999999999999, 30000.0, 0.15], [23, 26, 0.03535533905932737, 30000.0, 0], [14, 26, 0.03535533905932737, 30000.0, 0], [25, 26, 0.03535533905932737, 30000.0, 0], [16, 26, 0.03535533905932737, 30000.0, 0], [27, 17, 0.04999999999999999, 30000.0, 0.15], [25, 27, 0.050000000000000044, 30000.0, 0.15], [25, 28, 0.03535533905932738, 30000.0, 0], [16, 28, 0.03535533905932738, 30000.0, 0], [27, 28, 0.03535533905932738, 30000.0, 0], [17, 28, 0.03535533905932738, 30000.0, 0]], "angle_springs": [[0, 1, 4, 1], [1, 2, 4, 1], [2, 3, 4, 1], [2, 0, 4, 1], [2, 3, 7, 1], [3, 5, 7, 1], [5, 6, 7, 1], [5, 2, 7, 1], [8, 9, 12, 1], [9, 10, 12, 1], [10, 11, 12, 1], [10, 8, 12, 1], [13, 2, 15, 1], [2, 14, 15, 1], [14, 5, 15, 1], [14, 13, 15, 1], [16, 8, 18, 1], [8, 17, 18, 1], [17, 10, 18, 1], [17, 16, 18, 1], [19, 20, 22, 1], [20, 21, 22, 1], [21, 13, 22, 1], [21, 19, 22, 1], [21, 13, 24, 1], [13, 23, 24, 1], [23, 14, 24, 1], [23, 21, 24, 1], [23, 14, 26, 1], [14, 25, 26, 1], [25, 16, 26, 1], [25, 23, 26, 1], [25, 16, 28, 1], [16, 27, 28, 1], [27, 17, 28, 1], [27, 25, 28, 1]]}