{"objects": [[0.1, 0.25], [0.1, 0.30000000000000004], [0.15000000000000002, 0.25], [0.15000000000000002, 0.30000000000000004], [0.125, 0.275], [0.2, 0.25], [0.2, 0.30000000000000004], [0.17500000000000002, 0.275], [0.15000000000000002, 0.2], [0.2, 0.2], [0.17500000000000002, 0.225], [0.25, 0.2], [0.25, 0.25], [0.225, 0.225], [0.15000000000000002, 0.15000000000000002], [0.2, 0.15000000000000002], [0.17500000000000002, 0.17500000000000002], [0.25, 0.15000000000000002], [0.225, 0.17500000000000002], [0.15000000000000002, 0.1], [0.2, 0.1], [0.17500000000000002, 0.125], [0.25, 0.1], [0.225, 0.125], [0.30000000000000004, 0.1], [0.30000000000000004, 0.15000000000000002], [0.275, 0.125]], "springs": [[0, 1, 0.050000000000000044, 30000.0, 0.15], [2, 3, 0.050000000000000044, 30000.0, 0.15], [1, 3, 0.05000000000000002, 30000.0, 0.15], [0, 2, 0.05000000000000002, 30000.0, 0.15], [0, 4, 0.03535533905932738, 30000.0, 0], [1, 4, 0.03535533905932738, 30000.0, 0], [2, 4, 0.03535533905932741, 30000.0, 0], [3, 4, 0.03535533905932741, 30000.0, 0], [5, 6, 0.050000000000000044, 30000.0, 0.15], [3, 6, 0.04999999999999999, 30000.0, 0.15], [2, 5, 0.04999999999999999, 30000.0, 0.15], [2, 7, 0.03535533905932738, 30000.0, 0], [3, 7, 0.03535533905932738, 30000.0, 0], [5, 7, 0.03535533905932738, 30000.0, 0], [6, 7, 0.03535533905932738, 30000.0, 0], [8, 2, 0.04999999999999999, 30000.0, 0.15], [9, 5, 0.04999999999999999, 30000.0, 0.15], [8, 9, 0.04999999999999999, 30000.0, 0.15], [8, 10, 0.03535533905932737, 30000.0, 0], [2, 10, 0.03535533905932737, 30000.0, 0], [9, 10, 0.03535533905932737, 30000.0, 0], [5, 10, 0.03535533905932737, 30000.0, 0], [11, 12, 0.04999999999999999, 30000.0, 0.15], [5, 12, 0.04999999999999999, 30000.0, 0.15], [9, 11, 0.04999999999999999, 30000.0, 0.15], [9, 13, 0.03535533905932737, 30000.0, 0], [5, 13, 0.03535533905932737, 30000.0, 0], [11, 13, 0.03535533905932737, 30000.0, 0], [12, 13, 0.03535533905932737, 30000.0, 0], [14, 8, 0.04999999999999999, 30000.0, 0.15], [15, 9, 0.04999999999999999, 30000.0, 0.15], [14, 15, 0.04999999999999999, 30000.0, 0.15], [14, 16, 0.03535533905932737, 30000.0, 0], [8, 16, 0.03535533905932737, 30000.0, 0], [15, 16, 0.03535533905932737, 30000.0, 0], [9, 16, 0.03535533905932737, 30000.0, 0], [17, 11, 0.04999999999999999, 30000.0, 0.15], [15, 17, 0.04999999999999999, 30000.0, 0.15], [15, 18, 0.03535533905932737, 30000.0, 0], [9, 18, 0.03535533905932737, 30000.0, 0], [17, 18, 0.03535533905932737, 30000.0, 0], [11, 18, 0.03535533905932737, 30000.0, 0], [19, 14, 0.05000000000000002, 30000.0, 0.15], [20, 15, 0.05000000000000002, 30000.0, 0.15], [19, 20, 0.04999999999999999, 30000.0, 0.15], [19, 21, 0.03535533905932737, 30000.0, 0], [14, 21, 0.03535533905932738, 30000.0, 0], [20, 21, 0.03535533905932737, 30000.0, 0], [15, 21, 0.03535533905932738, 30000.0, 0], [22, 17, 0.05000000000000002, 30000.0, 0.15], [20, 22, 0.04999999999999999, 30000.0, 0.15], [20, 23, 0.03535533905932737, 30000.0, 0], [15, 23, 0.03535533905932738, 30000.0, 0], [22, 23, 0.03535533905932737, 30000.0, 0], [17, 23, 0.03535533905932738, 30000.0, 0], [24, 25, 0.05000000000000002, 30000.0, 0.15], [17, 25, 0.050000000000000044, 30000.0, 0.15], [22, 24, 0.050000000000000044, 30000.0, 0.15], [22, 26, 0.03535533905932738, 30000.0, 0], [17, 26, 0.03535533905932741, 30000.0, 0], [24, 26, 0.03535533905932738, 30000.0, 0], [25, 26, 0.03535533905932741, 30000.0, 0]], "angle_springs": [[0, 1, 4, 1], [1, 2, 4, 1], [2, 3, 4, 1], [2, 0, 4, 1], [2, 3, 7, 1], [3, 5, 7, 1], [5, 6, 7, 1], [5, 2, 7, 1], [8, 2, 10, 1], [2, 9, 10, 1], [9, 5, 10, 1], [9, 8, 10, 1], [9, 5, 13, 1], [5, 11, 13, 1], [11, 12, 13, 1], [11, 9, 13, 1], [14, 8, 16, 1], [8, 15, 16, 1], [15, 9, 16, 1], [15, 14, 16, 1], [15, 9, 18, 1], [9, 17, 18, 1], [17, 11, 18, 1], [17, 15, 18, 1], [19, 14, 21, 1], [14, 20, 21, 1], [20, 15, 21, 1], [20, 19, 21, 1], [20, 15, 23, 1], [15, 22, 23, 1], [22, 17, 23, 1], [22, 20, 23, 1], [22, 17, 26, 1], [17, 24, 26, 1], [24, 25, 26, 1], [24, 22, 26, 1]]}