{"objects": [[0.1, 0.25], [0.1, 0.30000000000000004], [0.15000000000000002, 0.25], [0.15000000000000002, 0.30000000000000004], [0.125, 0.275], [0.2, 0.25], [0.2, 0.30000000000000004], [0.25, 0.25], [0.25, 0.30000000000000004], [0.225, 0.275], [0.1, 0.2], [0.15000000000000002, 0.2], [0.125, 0.225], [0.2, 0.2], [0.25, 0.2], [0.225, 0.225], [0.1, 0.15000000000000002], [0.15000000000000002, 0.15000000000000002], [0.125, 0.17500000000000002], [0.2, 0.15000000000000002], [0.25, 0.15000000000000002], [0.225, 0.17500000000000002], [0.1, 0.1], [0.15000000000000002, 0.1], [0.125, 0.125], [0.2, 0.1], [0.17500000000000002, 0.125], [0.25, 0.1], [0.225, 0.125]], "springs": [[0, 1, 0.050000000000000044, 30000.0, 0.15], [2, 3, 0.050000000000000044, 30000.0, 0.15], [1, 3, 0.05000000000000002, 30000.0, 0.15], [0, 2, 0.05000000000000002, 30000.0, 0.15], [0, 4, 0.03535533905932738, 30000.0, 0], [1, 4, 0.03535533905932738, 30000.0, 0], [2, 4, 0.03535533905932741, 30000.0, 0], [3, 4, 0.03535533905932741, 30000.0, 0], [5, 6, 0.050000000000000044, 30000.0, 0.15], [7, 8, 0.050000000000000044, 30000.0, 0.15], [6, 8, 0.04999999999999999, 30000.0, 0.15], [5, 7, 0.04999999999999999, 30000.0, 0.15], [5, 9, 0.03535533905932738, 30000.0, 0], [6, 9, 0.03535533905932738, 30000.0, 0], [7, 9, 0.03535533905932738, 30000.0, 0], [8, 9, 0.03535533905932738, 30000.0, 0], [10, 0, 0.04999999999999999, 30000.0, 0.15], [11, 2, 0.04999999999999999, 30000.0, 0.15], [10, 11, 0.05000000000000002, 30000.0, 0.15], [10, 12, 0.03535533905932737, 30000.0, 0], [0, 12, 0.03535533905932737, 30000.0, 0], [11, 12, 0.03535533905932738, 30000.0, 0], [2, 12, 0.03535533905932738, 30000.0, 0], [13, 5, 0.04999999999999999, 30000.0, 0.15], [14, 7, 0.04999999999999999, 30000.0, 0.15], [13, 14, 0.04999999999999999, 30000.0, 0.15], [13, 15, 0.03535533905932737, 30000.0, 0], [5, 15, 0.03535533905932737, 30000.0, 0], [14, 15, 0.03535533905932737, 30000.0, 0], [7, 15, 0.03535533905932737, 30000.0, 0], [16, 10, 0.04999999999999999, 30000.0, 0.15], [17, 11, 0.04999999999999999, 30000.0, 0.15], [16, 17, 0.05000000000000002, 30000.0, 0.15], [16, 18, 0.03535533905932737, 30000.0, 0], [10, 18, 0.03535533905932737, 30000.0, 0], [17, 18, 0.03535533905932738, 30000.0, 0], [11, 18, 0.03535533905932738, 30000.0, 0], [19, 13, 0.04999999999999999, 30000.0, 0.15], [20, 14, 0.04999999999999999, 30000.0, 0.15], [19, 20, 0.04999999999999999, 30000.0, 0.15], [19, 21, 0.03535533905932737, 30000.0, 0], [13, 21, 0.03535533905932737, 30000.0, 0], [20, 21, 0.03535533905932737, 30000.0, 0], [14, 21, 0.03535533905932737, 30000.0, 0], [22, 16, 0.05000000000000002, 30000.0, 0.15], [23, 17, 0.05000000000000002, 30000.0, 0.15], [22, 23, 0.05000000000000002, 30000.0, 0.15], [22, 24, 0.03535533905932737, 30000.0, 0], [16, 24, 0.03535533905932738, 30000.0, 0], [23, 24, 0.03535533905932738, 30000.0, 0], [17, 24, 0.03535533905932741, 30000.0, 0], [25, 19, 0.05000000000000002, 30000.0, 0.15], [17, 19, 0.04999999999999999, 30000.0, 0.15], [23, 25, 0.04999999999999999, 30000.0, 0.15], [23, 26, 0.03535533905932737, 30000.0, 0], [17, 26, 0.03535533905932738, 30000.0, 0], [25, 26, 0.03535533905932737, 30000.0, 0], [19, 26, 0.03535533905932738, 30000.0, 0], [27, 20, 0.05000000000000002, 30000.0, 0.15], [25, 27, 0.04999999999999999, 30000.0, 0.15], [25, 28, 0.03535533905932737, 30000.0, 0], [19, 28, 0.03535533905932738, 30000.0, 0], [27, 28, 0.03535533905932737, 30000.0, 0], [20, 28, 0.03535533905932738, 30000.0, 0]], "angle_springs": [[0, 1, 4, 1], [1, 2, 4, 1], [2, 3, 4, 1], [2, 0, 4, 1], [5, 6, 9, 1], [6, 7, 9, 1], [7, 8, 9, 1], [7, 5, 9, 1], [10, 0, 12, 1], [0, 11, 12, 1], [11, 2, 12, 1], [11, 10, 12, 1], [13, 5, 15, 1], [5, 14, 15, 1], [14, 7, 15, 1], [14, 13, 15, 1], [16, 10, 18, 1], [10, 17, 18, 1], [17, 11, 18, 1], [17, 16, 18, 1], [19, 13, 21, 1], [13, 20, 21, 1], [20, 14, 21, 1], [20, 19, 21, 1], [22, 16, 24, 1], [16, 23, 24, 1], [23, 17, 24, 1], [23, 22, 24, 1], [23, 17, 26, 1], [17, 25, 26, 1], [25, 19, 26, 1], [25, 23, 26, 1], [25, 19, 28, 1], [19, 27, 28, 1], [27, 20, 28, 1], [27, 25, 28, 1]]}