{"objects": [[0.1, 0.25], [0.1, 0.30000000000000004], [0.15000000000000002, 0.25], [0.15000000000000002, 0.30000000000000004], [0.125, 0.275], [0.2, 0.25], [0.2, 0.30000000000000004], [0.17500000000000002, 0.275], [0.25, 0.25], [0.25, 0.30000000000000004], [0.225, 0.275], [0.30000000000000004, 0.25], [0.30000000000000004, 0.30000000000000004], [0.275, 0.275], [0.15000000000000002, 0.2], [0.2, 0.2], [0.17500000000000002, 0.225], [0.15000000000000002, 0.15000000000000002], [0.2, 0.15000000000000002], [0.17500000000000002, 0.17500000000000002], [0.25, 0.15000000000000002], [0.25, 0.2], [0.225, 0.17500000000000002], [0.30000000000000004, 0.15000000000000002], [0.30000000000000004, 0.2], [0.275, 0.17500000000000002], [0.25, 0.1], [0.30000000000000004, 0.1], [0.275, 0.125]], "springs": [[0, 1, 0.050000000000000044, 30000.0, 0.15], [2, 3, 0.050000000000000044, 30000.0, 0.15], [1, 3, 0.05000000000000002, 30000.0, 0.15], [0, 2, 0.05000000000000002, 30000.0, 0.15], [0, 4, 0.03535533905932738, 30000.0, 0], [1, 4, 0.03535533905932738, 30000.0, 0], [2, 4, 0.03535533905932741, 30000.0, 0], [3, 4, 0.03535533905932741, 30000.0, 0], [5, 6, 0.050000000000000044, 30000.0, 0.15], [3, 6, 0.04999999999999999, 30000.0, 0.15], [2, 5, 0.04999999999999999, 30000.0, 0.15], [2, 7, 0.03535533905932738, 30000.0, 0], [3, 7, 0.03535533905932738, 30000.0, 0], [5, 7, 0.03535533905932738, 30000.0, 0], [6, 7, 0.03535533905932738, 30000.0, 0], [8, 9, 0.050000000000000044, 30000.0, 0.15], [6, 9, 0.04999999999999999, 30000.0, 0.15], [5, 8, 0.04999999999999999, 30000.0, 0.15], [5, 10, 0.03535533905932738, 30000.0, 0], [6, 10, 0.03535533905932738, 30000.0, 0], [8, 10, 0.03535533905932738, 30000.0, 0], [9, 10, 0.03535533905932738, 30000.0, 0], [11, 12, 0.050000000000000044, 30000.0, 0.15], [9, 12, 0.050000000000000044, 30000.0, 0.15], [8, 11, 0.050000000000000044, 30000.0, 0.15], [8, 13, 0.03535533905932741, 30000.0, 0], [9, 13, 0.03535533905932741, 30000.0, 0], [11, 13, 0.03535533905932741, 30000.0, 0], [12, 13, 0.03535533905932741, 30000.0, 0], [14, 2, 0.04999999999999999, 30000.0, 0.15], [15, 5, 0.04999999999999999, 30000.0, 0.15], [14, 15, 0.04999999999999999, 30000.0, 0.15], [14, 16, 0.03535533905932737, 30000.0, 0], [2, 16, 0.03535533905932737, 30000.0, 0], [15, 16, 0.03535533905932737, 30000.0, 0], [5, 16, 0.03535533905932737, 30000.0, 0], [17, 14, 0.04999999999999999, 30000.0, 0.15], [18, 15, 0.04999999999999999, 30000.0, 0.15], [17, 18, 0.04999999999999999, 30000.0, 0.15], [17, 19, 0.03535533905932737, 30000.0, 0], [14, 19, 0.03535533905932737, 30000.0, 0], [18, 19, 0.03535533905932737, 30000.0, 0], [15, 19, 0.03535533905932737, 30000.0, 0], [20, 21, 0.04999999999999999, 30000.0, 0.15], [15, 21, 0.04999999999999999, 30000.0, 0.15], [18, 20, 0.04999999999999999, 30000.0, 0.15], [18, 22, 0.03535533905932737, 30000.0, 0], [15, 22, 0.03535533905932737, 30000.0, 0], [20, 22, 0.03535533905932737, 30000.0, 0], [21, 22, 0.03535533905932737, 30000.0, 0], [23, 24, 0.04999999999999999, 30000.0, 0.15], [21, 24, 0.050000000000000044, 30000.0, 0.15], [20, 23, 0.050000000000000044, 30000.0, 0.15], [20, 25, 0.03535533905932738, 30000.0, 0], [21, 25, 0.03535533905932738, 30000.0, 0], [23, 25, 0.03535533905932738, 30000.0, 0], [24, 25, 0.03535533905932738, 30000.0, 0], [26, 20, 0.05000000000000002, 30000.0, 0.15], [27, 23, 0.05000000000000002, 30000.0, 0.15], [26, 27, 0.050000000000000044, 30000.0, 0.15], [26, 28, 0.03535533905932738, 30000.0, 0], [20, 28, 0.03535533905932741, 30000.0, 0], [27, 28, 0.03535533905932738, 30000.0, 0], [23, 28, 0.03535533905932741, 30000.0, 0]], "angle_springs": [[0, 1, 4, 1], [1, 2, 4, 1], [2, 3, 4, 1], [2, 0, 4, 1], [2, 3, 7, 1], [3, 5, 7, 1], [5, 6, 7, 1], [5, 2, 7, 1], [5, 6, 10, 1], [6, 8, 10, 1], [8, 9, 10, 1], [8, 5, 10, 1], [8, 9, 13, 1], [9, 11, 13, 1], [11, 12, 13, 1], [11, 8, 13, 1], [14, 2, 16, 1], [2, 15, 16, 1], [15, 5, 16, 1], [15, 14, 16, 1], [17, 14, 19, 1], [14, 18, 19, 1], [18, 15, 19, 1], [18, 17, 19, 1], [18, 15, 22, 1], [15, 20, 22, 1], [20, 21, 22, 1], [20, 18, 22, 1], [20, 21, 25, 1], [21, 23, 25, 1], [23, 24, 25, 1], [23, 20, 25, 1], [26, 20, 28, 1], [20, 27, 28, 1], [27, 23, 28, 1], [27, 26, 28, 1]]}