{"objects": [[0.1, 0.25], [0.1, 0.30000000000000004], [0.15000000000000002, 0.25], [0.15000000000000002, 0.30000000000000004], [0.125, 0.275], [0.1, 0.2], [0.15000000000000002, 0.2], [0.125, 0.225], [0.2, 0.2], [0.2, 0.25], [0.17500000000000002, 0.225], [0.25, 0.2], [0.25, 0.25], [0.30000000000000004, 0.2], [0.30000000000000004, 0.25], [0.275, 0.225], [0.1, 0.15000000000000002], [0.15000000000000002, 0.15000000000000002], [0.125, 0.17500000000000002], [0.2, 0.15000000000000002], [0.17500000000000002, 0.17500000000000002], [0.25, 0.15000000000000002], [0.225, 0.17500000000000002], [0.30000000000000004, 0.15000000000000002], [0.275, 0.17500000000000002], [0.1, 0.1], [0.15000000000000002, 0.1], [0.125, 0.125]], "springs": [[0, 1, 0.050000000000000044, 30000.0, 0.15], [2, 3, 0.050000000000000044, 30000.0, 0.15], [1, 3, 0.05000000000000002, 30000.0, 0.15], [0, 2, 0.05000000000000002, 30000.0, 0.15], [0, 4, 0.03535533905932738, 30000.0, 0], [1, 4, 0.03535533905932738, 30000.0, 0], [2, 4, 0.03535533905932741, 30000.0, 0], [3, 4, 0.03535533905932741, 30000.0, 0], [5, 0, 0.04999999999999999, 30000.0, 0.15], [6, 2, 0.04999999999999999, 30000.0, 0.15], [5, 6, 0.05000000000000002, 30000.0, 0.15], [5, 7, 0.03535533905932737, 30000.0, 0], [0, 7, 0.03535533905932737, 30000.0, 0], [6, 7, 0.03535533905932738, 30000.0, 0], [2, 7, 0.03535533905932738, 30000.0, 0], [8, 9, 0.04999999999999999, 30000.0, 0.15], [2, 9, 0.04999999999999999, 30000.0, 0.15], [6, 8, 0.04999999999999999, 30000.0, 0.15], [6, 10, 0.03535533905932737, 30000.0, 0], [2, 10, 0.03535533905932737, 30000.0, 0], [8, 10, 0.03535533905932737, 30000.0, 0], [9, 10, 0.03535533905932737, 30000.0, 0], [11, 12, 0.04999999999999999, 30000.0, 0.15], [13, 14, 0.04999999999999999, 30000.0, 0.15], [12, 14, 0.050000000000000044, 30000.0, 0.15], [11, 13, 0.050000000000000044, 30000.0, 0.15], [11, 15, 0.03535533905932738, 30000.0, 0], [12, 15, 0.03535533905932738, 30000.0, 0], [13, 15, 0.03535533905932738, 30000.0, 0], [14, 15, 0.03535533905932738, 30000.0, 0], [16, 5, 0.04999999999999999, 30000.0, 0.15], [17, 6, 0.04999999999999999, 30000.0, 0.15], [16, 17, 0.05000000000000002, 30000.0, 0.15], [16, 18, 0.03535533905932737, 30000.0, 0], [5, 18, 0.03535533905932737, 30000.0, 0], [17, 18, 0.03535533905932738, 30000.0, 0], [6, 18, 0.03535533905932738, 30000.0, 0], [19, 8, 0.04999999999999999, 30000.0, 0.15], [17, 19, 0.04999999999999999, 30000.0, 0.15], [17, 20, 0.03535533905932737, 30000.0, 0], [6, 20, 0.03535533905932737, 30000.0, 0], [19, 20, 0.03535533905932737, 30000.0, 0], [8, 20, 0.03535533905932737, 30000.0, 0], [21, 11, 0.04999999999999999, 30000.0, 0.15], [8, 11, 0.04999999999999999, 30000.0, 0.15], [19, 21, 0.04999999999999999, 30000.0, 0.15], [19, 22, 0.03535533905932737, 30000.0, 0], [8, 22, 0.03535533905932737, 30000.0, 0], [21, 22, 0.03535533905932737, 30000.0, 0], [11, 22, 0.03535533905932737, 30000.0, 0], [23, 13, 0.04999999999999999, 30000.0, 0.15], [21, 23, 0.050000000000000044, 30000.0, 0.15], [21, 24, 0.03535533905932738, 30000.0, 0], [11, 24, 0.03535533905932738, 30000.0, 0], [23, 24, 0.03535533905932738, 30000.0, 0], [13, 24, 0.03535533905932738, 30000.0, 0], [25, 16, 0.05000000000000002, 30000.0, 0.15], [26, 17, 0.05000000000000002, 30000.0, 0.15], [25, 26, 0.05000000000000002, 30000.0, 0.15], [25, 27, 0.03535533905932737, 30000.0, 0], [16, 27, 0.03535533905932738, 30000.0, 0], [26, 27, 0.03535533905932738, 30000.0, 0], [17, 27, 0.03535533905932741, 30000.0, 0]], "angle_springs": [[0, 1, 4, 1], [1, 2, 4, 1], [2, 3, 4, 1], [2, 0, 4, 1], [5, 0, 7, 1], [0, 6, 7, 1], [6, 2, 7, 1], [6, 5, 7, 1], [6, 2, 10, 1], [2, 8, 10, 1], [8, 9, 10, 1], [8, 6, 10, 1], [11, 12, 15, 1], [12, 13, 15, 1], [13, 14, 15, 1], [13, 11, 15, 1], [16, 5, 18, 1], [5, 17, 18, 1], [17, 6, 18, 1], [17, 16, 18, 1], [17, 6, 20, 1], [6, 19, 20, 1], [19, 8, 20, 1], [19, 17, 20, 1], [19, 8, 22, 1], [8, 21, 22, 1], [21, 11, 22, 1], [21, 19, 22, 1], [21, 11, 24, 1], [11, 23, 24, 1], [23, 13, 24, 1], [23, 21, 24, 1], [25, 16, 27, 1], [16, 26, 27, 1], [26, 17, 27, 1], [26, 25, 27, 1]]}