{"objects": [[0.1, 0.25], [0.1, 0.30000000000000004], [0.15000000000000002, 0.25], [0.15000000000000002, 0.30000000000000004], [0.125, 0.275], [0.25, 0.25], [0.25, 0.30000000000000004], [0.30000000000000004, 0.25], [0.30000000000000004, 0.30000000000000004], [0.275, 0.275], [0.1, 0.2], [0.15000000000000002, 0.2], [0.125, 0.225], [0.2, 0.2], [0.2, 0.25], [0.17500000000000002, 0.225], [0.25, 0.2], [0.225, 0.225], [0.30000000000000004, 0.2], [0.275, 0.225], [0.2, 0.15000000000000002], [0.25, 0.15000000000000002], [0.225, 0.17500000000000002], [0.15000000000000002, 0.1], [0.15000000000000002, 0.15000000000000002], [0.2, 0.1], [0.17500000000000002, 0.125], [0.25, 0.1], [0.225, 0.125]], "springs": [[0, 1, 0.050000000000000044, 30000.0, 0.15], [2, 3, 0.050000000000000044, 30000.0, 0.15], [1, 3, 0.05000000000000002, 30000.0, 0.15], [0, 2, 0.05000000000000002, 30000.0, 0.15], [0, 4, 0.03535533905932738, 30000.0, 0], [1, 4, 0.03535533905932738, 30000.0, 0], [2, 4, 0.03535533905932741, 30000.0, 0], [3, 4, 0.03535533905932741, 30000.0, 0], [5, 6, 0.050000000000000044, 30000.0, 0.15], [7, 8, 0.050000000000000044, 30000.0, 0.15], [6, 8, 0.050000000000000044, 30000.0, 0.15], [5, 7, 0.050000000000000044, 30000.0, 0.15], [5, 9, 0.03535533905932741, 30000.0, 0], [6, 9, 0.03535533905932741, 30000.0, 0], [7, 9, 0.03535533905932741, 30000.0, 0], [8, 9, 0.03535533905932741, 30000.0, 0], [10, 0, 0.04999999999999999, 30000.0, 0.15], [11, 2, 0.04999999999999999, 30000.0, 0.15], [10, 11, 0.05000000000000002, 30000.0, 0.15], [10, 12, 0.03535533905932737, 30000.0, 0], [0, 12, 0.03535533905932737, 30000.0, 0], [11, 12, 0.03535533905932738, 30000.0, 0], [2, 12, 0.03535533905932738, 30000.0, 0], [13, 14, 0.04999999999999999, 30000.0, 0.15], [2, 14, 0.04999999999999999, 30000.0, 0.15], [11, 13, 0.04999999999999999, 30000.0, 0.15], [11, 15, 0.03535533905932737, 30000.0, 0], [2, 15, 0.03535533905932737, 30000.0, 0], [13, 15, 0.03535533905932737, 30000.0, 0], [14, 15, 0.03535533905932737, 30000.0, 0], [16, 5, 0.04999999999999999, 30000.0, 0.15], [14, 5, 0.04999999999999999, 30000.0, 0.15], [13, 16, 0.04999999999999999, 30000.0, 0.15], [13, 17, 0.03535533905932737, 30000.0, 0], [14, 17, 0.03535533905932737, 30000.0, 0], [16, 17, 0.03535533905932737, 30000.0, 0], [5, 17, 0.03535533905932737, 30000.0, 0], [18, 7, 0.04999999999999999, 30000.0, 0.15], [16, 18, 0.050000000000000044, 30000.0, 0.15], [16, 19, 0.03535533905932738, 30000.0, 0], [5, 19, 0.03535533905932738, 30000.0, 0], [18, 19, 0.03535533905932738, 30000.0, 0], [7, 19, 0.03535533905932738, 30000.0, 0], [20, 13, 0.04999999999999999, 30000.0, 0.15], [21, 16, 0.04999999999999999, 30000.0, 0.15], [20, 21, 0.04999999999999999, 30000.0, 0.15], [20, 22, 0.03535533905932737, 30000.0, 0], [13, 22, 0.03535533905932737, 30000.0, 0], [21, 22, 0.03535533905932737, 30000.0, 0], [16, 22, 0.03535533905932737, 30000.0, 0], [23, 24, 0.05000000000000002, 30000.0, 0.15], [25, 20, 0.05000000000000002, 30000.0, 0.15], [24, 20, 0.04999999999999999, 30000.0, 0.15], [23, 25, 0.04999999999999999, 30000.0, 0.15], [23, 26, 0.03535533905932737, 30000.0, 0], [24, 26, 0.03535533905932738, 30000.0, 0], [25, 26, 0.03535533905932737, 30000.0, 0], [20, 26, 0.03535533905932738, 30000.0, 0], [27, 21, 0.05000000000000002, 30000.0, 0.15], [25, 27, 0.04999999999999999, 30000.0, 0.15], [25, 28, 0.03535533905932737, 30000.0, 0], [20, 28, 0.03535533905932738, 30000.0, 0], [27, 28, 0.03535533905932737, 30000.0, 0], [21, 28, 0.03535533905932738, 30000.0, 0]], "angle_springs": [[0, 1, 4, 1], [1, 2, 4, 1], [2, 3, 4, 1], [2, 0, 4, 1], [5, 6, 9, 1], [6, 7, 9, 1], [7, 8, 9, 1], [7, 5, 9, 1], [10, 0, 12, 1], [0, 11, 12, 1], [11, 2, 12, 1], [11, 10, 12, 1], [11, 2, 15, 1], [2, 13, 15, 1], [13, 14, 15, 1], [13, 11, 15, 1], [13, 14, 17, 1], [14, 16, 17, 1], [16, 5, 17, 1], [16, 13, 17, 1], [16, 5, 19, 1], [5, 18, 19, 1], [18, 7, 19, 1], [18, 16, 19, 1], [20, 13, 22, 1], [13, 21, 22, 1], [21, 16, 22, 1], [21, 20, 22, 1], [23, 24, 26, 1], [24, 25, 26, 1], [25, 20, 26, 1], [25, 23, 26, 1], [25, 20, 28, 1], [20, 27, 28, 1], [27, 21, 28, 1], [27, 25, 28, 1]]}