{"objects": [[0.1, 0.25], [0.1, 0.30000000000000004], [0.15000000000000002, 0.25], [0.15000000000000002, 0.30000000000000004], [0.125, 0.275], [0.1, 0.2], [0.15000000000000002, 0.2], [0.125, 0.225], [0.2, 0.2], [0.2, 0.25], [0.25, 0.2], [0.25, 0.25], [0.225, 0.225], [0.1, 0.15000000000000002], [0.15000000000000002, 0.15000000000000002], [0.125, 0.17500000000000002], [0.2, 0.15000000000000002], [0.17500000000000002, 0.17500000000000002], [0.25, 0.15000000000000002], [0.225, 0.17500000000000002], [0.30000000000000004, 0.15000000000000002], [0.30000000000000004, 0.2], [0.275, 0.17500000000000002], [0.1, 0.1], [0.15000000000000002, 0.1], [0.125, 0.125]], "springs": [[0, 1, 0.050000000000000044, 30000.0, 0.15], [2, 3, 0.050000000000000044, 30000.0, 0.15], [1, 3, 0.05000000000000002, 30000.0, 0.15], [0, 2, 0.05000000000000002, 30000.0, 0.15], [0, 4, 0.03535533905932738, 30000.0, 0], [1, 4, 0.03535533905932738, 30000.0, 0], [2, 4, 0.03535533905932741, 30000.0, 0], [3, 4, 0.03535533905932741, 30000.0, 0], [5, 0, 0.04999999999999999, 30000.0, 0.15], [6, 2, 0.04999999999999999, 30000.0, 0.15], [5, 6, 0.05000000000000002, 30000.0, 0.15], [5, 7, 0.03535533905932737, 30000.0, 0], [0, 7, 0.03535533905932737, 30000.0, 0], [6, 7, 0.03535533905932738, 30000.0, 0], [2, 7, 0.03535533905932738, 30000.0, 0], [8, 9, 0.04999999999999999, 30000.0, 0.15], [10, 11, 0.04999999999999999, 30000.0, 0.15], [9, 11, 0.04999999999999999, 30000.0, 0.15], [8, 10, 0.04999999999999999, 30000.0, 0.15], [8, 12, 0.03535533905932737, 30000.0, 0], [9, 12, 0.03535533905932737, 30000.0, 0], [10, 12, 0.03535533905932737, 30000.0, 0], [11, 12, 0.03535533905932737, 30000.0, 0], [13, 5, 0.04999999999999999, 30000.0, 0.15], [14, 6, 0.04999999999999999, 30000.0, 0.15], [13, 14, 0.05000000000000002, 30000.0, 0.15], [13, 15, 0.03535533905932737, 30000.0, 0], [5, 15, 0.03535533905932737, 30000.0, 0], [14, 15, 0.03535533905932738, 30000.0, 0], [6, 15, 0.03535533905932738, 30000.0, 0], [16, 8, 0.04999999999999999, 30000.0, 0.15], [6, 8, 0.04999999999999999, 30000.0, 0.15], [14, 16, 0.04999999999999999, 30000.0, 0.15], [14, 17, 0.03535533905932737, 30000.0, 0], [6, 17, 0.03535533905932737, 30000.0, 0], [16, 17, 0.03535533905932737, 30000.0, 0], [8, 17, 0.03535533905932737, 30000.0, 0], [18, 10, 0.04999999999999999, 30000.0, 0.15], [16, 18, 0.04999999999999999, 30000.0, 0.15], [16, 19, 0.03535533905932737, 30000.0, 0], [8, 19, 0.03535533905932737, 30000.0, 0], [18, 19, 0.03535533905932737, 30000.0, 0], [10, 19, 0.03535533905932737, 30000.0, 0], [20, 21, 0.04999999999999999, 30000.0, 0.15], [10, 21, 0.050000000000000044, 30000.0, 0.15], [18, 20, 0.050000000000000044, 30000.0, 0.15], [18, 22, 0.03535533905932738, 30000.0, 0], [10, 22, 0.03535533905932738, 30000.0, 0], [20, 22, 0.03535533905932738, 30000.0, 0], [21, 22, 0.03535533905932738, 30000.0, 0], [23, 13, 0.05000000000000002, 30000.0, 0.15], [24, 14, 0.05000000000000002, 30000.0, 0.15], [23, 24, 0.05000000000000002, 30000.0, 0.15], [23, 25, 0.03535533905932737, 30000.0, 0], [13, 25, 0.03535533905932738, 30000.0, 0], [24, 25, 0.03535533905932738, 30000.0, 0], [14, 25, 0.03535533905932741, 30000.0, 0]], "angle_springs": [[0, 1, 4, 1], [1, 2, 4, 1], [2, 3, 4, 1], [2, 0, 4, 1], [5, 0, 7, 1], [0, 6, 7, 1], [6, 2, 7, 1], [6, 5, 7, 1], [8, 9, 12, 1], [9, 10, 12, 1], [10, 11, 12, 1], [10, 8, 12, 1], [13, 5, 15, 1], [5, 14, 15, 1], [14, 6, 15, 1], [14, 13, 15, 1], [14, 6, 17, 1], [6, 16, 17, 1], [16, 8, 17, 1], [16, 14, 17, 1], [16, 8, 19, 1], [8, 18, 19, 1], [18, 10, 19, 1], [18, 16, 19, 1], [18, 10, 22, 1], [10, 20, 22, 1], [20, 21, 22, 1], [20, 18, 22, 1], [23, 13, 25, 1], [13, 24, 25, 1], [24, 14, 25, 1], [24, 23, 25, 1]]}