{"objects": [[0.1, 0.25], [0.1, 0.30000000000000004], [0.15000000000000002, 0.25], [0.15000000000000002, 0.30000000000000004], [0.125, 0.275], [0.2, 0.25], [0.2, 0.30000000000000004], [0.17500000000000002, 0.275], [0.25, 0.25], [0.25, 0.30000000000000004], [0.225, 0.275], [0.15000000000000002, 0.2], [0.2, 0.2], [0.17500000000000002, 0.225], [0.25, 0.2], [0.225, 0.225], [0.30000000000000004, 0.2], [0.30000000000000004, 0.25], [0.275, 0.225], [0.25, 0.15000000000000002], [0.30000000000000004, 0.15000000000000002], [0.275, 0.17500000000000002], [0.25, 0.1], [0.30000000000000004, 0.1], [0.275, 0.125]], "springs": [[0, 1, 0.050000000000000044, 30000.0, 0.15], [2, 3, 0.050000000000000044, 30000.0, 0.15], [1, 3, 0.05000000000000002, 30000.0, 0.15], [0, 2, 0.05000000000000002, 30000.0, 0.15], [0, 4, 0.03535533905932738, 30000.0, 0], [1, 4, 0.03535533905932738, 30000.0, 0], [2, 4, 0.03535533905932741, 30000.0, 0], [3, 4, 0.03535533905932741, 30000.0, 0], [5, 6, 0.050000000000000044, 30000.0, 0.15], [3, 6, 0.04999999999999999, 30000.0, 0.15], [2, 5, 0.04999999999999999, 30000.0, 0.15], [2, 7, 0.03535533905932738, 30000.0, 0], [3, 7, 0.03535533905932738, 30000.0, 0], [5, 7, 0.03535533905932738, 30000.0, 0], [6, 7, 0.03535533905932738, 30000.0, 0], [8, 9, 0.050000000000000044, 30000.0, 0.15], [6, 9, 0.04999999999999999, 30000.0, 0.15], [5, 8, 0.04999999999999999, 30000.0, 0.15], [5, 10, 0.03535533905932738, 30000.0, 0], [6, 10, 0.03535533905932738, 30000.0, 0], [8, 10, 0.03535533905932738, 30000.0, 0], [9, 10, 0.03535533905932738, 30000.0, 0], [11, 2, 0.04999999999999999, 30000.0, 0.15], [12, 5, 0.04999999999999999, 30000.0, 0.15], [11, 12, 0.04999999999999999, 30000.0, 0.15], [11, 13, 0.03535533905932737, 30000.0, 0], [2, 13, 0.03535533905932737, 30000.0, 0], [12, 13, 0.03535533905932737, 30000.0, 0], [5, 13, 0.03535533905932737, 30000.0, 0], [14, 8, 0.04999999999999999, 30000.0, 0.15], [12, 14, 0.04999999999999999, 30000.0, 0.15], [12, 15, 0.03535533905932737, 30000.0, 0], [5, 15, 0.03535533905932737, 30000.0, 0], [14, 15, 0.03535533905932737, 30000.0, 0], [8, 15, 0.03535533905932737, 30000.0, 0], [16, 17, 0.04999999999999999, 30000.0, 0.15], [8, 17, 0.050000000000000044, 30000.0, 0.15], [14, 16, 0.050000000000000044, 30000.0, 0.15], [14, 18, 0.03535533905932738, 30000.0, 0], [8, 18, 0.03535533905932738, 30000.0, 0], [16, 18, 0.03535533905932738, 30000.0, 0], [17, 18, 0.03535533905932738, 30000.0, 0], [19, 14, 0.04999999999999999, 30000.0, 0.15], [20, 16, 0.04999999999999999, 30000.0, 0.15], [19, 20, 0.050000000000000044, 30000.0, 0.15], [19, 21, 0.03535533905932738, 30000.0, 0], [14, 21, 0.03535533905932738, 30000.0, 0], [20, 21, 0.03535533905932738, 30000.0, 0], [16, 21, 0.03535533905932738, 30000.0, 0], [22, 19, 0.05000000000000002, 30000.0, 0.15], [23, 20, 0.05000000000000002, 30000.0, 0.15], [22, 23, 0.050000000000000044, 30000.0, 0.15], [22, 24, 0.03535533905932738, 30000.0, 0], [19, 24, 0.03535533905932741, 30000.0, 0], [23, 24, 0.03535533905932738, 30000.0, 0], [20, 24, 0.03535533905932741, 30000.0, 0]], "angle_springs": [[0, 1, 4, 1], [1, 2, 4, 1], [2, 3, 4, 1], [2, 0, 4, 1], [2, 3, 7, 1], [3, 5, 7, 1], [5, 6, 7, 1], [5, 2, 7, 1], [5, 6, 10, 1], [6, 8, 10, 1], [8, 9, 10, 1], [8, 5, 10, 1], [11, 2, 13, 1], [2, 12, 13, 1], [12, 5, 13, 1], [12, 11, 13, 1], [12, 5, 15, 1], [5, 14, 15, 1], [14, 8, 15, 1], [14, 12, 15, 1], [14, 8, 18, 1], [8, 16, 18, 1], [16, 17, 18, 1], [16, 14, 18, 1], [19, 14, 21, 1], [14, 20, 21, 1], [20, 16, 21, 1], [20, 19, 21, 1], [22, 19, 24, 1], [19, 23, 24, 1], [23, 20, 24, 1], [23, 22, 24, 1]]}