{"objects": [[0.1, 0.25], [0.1, 0.30000000000000004], [0.15000000000000002, 0.25], [0.15000000000000002, 0.30000000000000004], [0.125, 0.275], [0.2, 0.25], [0.2, 0.30000000000000004], [0.17500000000000002, 0.275], [0.25, 0.25], [0.25, 0.30000000000000004], [0.225, 0.275], [0.15000000000000002, 0.2], [0.2, 0.2], [0.17500000000000002, 0.225], [0.25, 0.2], [0.30000000000000004, 0.2], [0.30000000000000004, 0.25], [0.275, 0.225], [0.15000000000000002, 0.15000000000000002], [0.2, 0.15000000000000002], [0.17500000000000002, 0.17500000000000002], [0.25, 0.15000000000000002], [0.225, 0.17500000000000002], [0.30000000000000004, 0.15000000000000002], [0.275, 0.17500000000000002]], "springs": [[0, 1, 0.050000000000000044, 30000.0, 0.15], [2, 3, 0.050000000000000044, 30000.0, 0.15], [1, 3, 0.05000000000000002, 30000.0, 0.15], [0, 2, 0.05000000000000002, 30000.0, 0.15], [0, 4, 0.03535533905932738, 30000.0, 0], [1, 4, 0.03535533905932738, 30000.0, 0], [2, 4, 0.03535533905932741, 30000.0, 0], [3, 4, 0.03535533905932741, 30000.0, 0], [5, 6, 0.050000000000000044, 30000.0, 0.15], [3, 6, 0.04999999999999999, 30000.0, 0.15], [2, 5, 0.04999999999999999, 30000.0, 0.15], [2, 7, 0.03535533905932738, 30000.0, 0], [3, 7, 0.03535533905932738, 30000.0, 0], [5, 7, 0.03535533905932738, 30000.0, 0], [6, 7, 0.03535533905932738, 30000.0, 0], [8, 9, 0.050000000000000044, 30000.0, 0.15], [6, 9, 0.04999999999999999, 30000.0, 0.15], [5, 8, 0.04999999999999999, 30000.0, 0.15], [5, 10, 0.03535533905932738, 30000.0, 0], [6, 10, 0.03535533905932738, 30000.0, 0], [8, 10, 0.03535533905932738, 30000.0, 0], [9, 10, 0.03535533905932738, 30000.0, 0], [11, 2, 0.04999999999999999, 30000.0, 0.15], [12, 5, 0.04999999999999999, 30000.0, 0.15], [11, 12, 0.04999999999999999, 30000.0, 0.15], [11, 13, 0.03535533905932737, 30000.0, 0], [2, 13, 0.03535533905932737, 30000.0, 0], [12, 13, 0.03535533905932737, 30000.0, 0], [5, 13, 0.03535533905932737, 30000.0, 0], [14, 8, 0.04999999999999999, 30000.0, 0.15], [15, 16, 0.04999999999999999, 30000.0, 0.15], [8, 16, 0.050000000000000044, 30000.0, 0.15], [14, 15, 0.050000000000000044, 30000.0, 0.15], [14, 17, 0.03535533905932738, 30000.0, 0], [8, 17, 0.03535533905932738, 30000.0, 0], [15, 17, 0.03535533905932738, 30000.0, 0], [16, 17, 0.03535533905932738, 30000.0, 0], [18, 11, 0.04999999999999999, 30000.0, 0.15], [19, 12, 0.04999999999999999, 30000.0, 0.15], [18, 19, 0.04999999999999999, 30000.0, 0.15], [18, 20, 0.03535533905932737, 30000.0, 0], [11, 20, 0.03535533905932737, 30000.0, 0], [19, 20, 0.03535533905932737, 30000.0, 0], [12, 20, 0.03535533905932737, 30000.0, 0], [21, 14, 0.04999999999999999, 30000.0, 0.15], [12, 14, 0.04999999999999999, 30000.0, 0.15], [19, 21, 0.04999999999999999, 30000.0, 0.15], [19, 22, 0.03535533905932737, 30000.0, 0], [12, 22, 0.03535533905932737, 30000.0, 0], [21, 22, 0.03535533905932737, 30000.0, 0], [14, 22, 0.03535533905932737, 30000.0, 0], [23, 15, 0.04999999999999999, 30000.0, 0.15], [21, 23, 0.050000000000000044, 30000.0, 0.15], [21, 24, 0.03535533905932738, 30000.0, 0], [14, 24, 0.03535533905932738, 30000.0, 0], [23, 24, 0.03535533905932738, 30000.0, 0], [15, 24, 0.03535533905932738, 30000.0, 0]], "angle_springs": [[0, 1, 4, 1], [1, 2, 4, 1], [2, 3, 4, 1], [2, 0, 4, 1], [2, 3, 7, 1], [3, 5, 7, 1], [5, 6, 7, 1], [5, 2, 7, 1], [5, 6, 10, 1], [6, 8, 10, 1], [8, 9, 10, 1], [8, 5, 10, 1], [11, 2, 13, 1], [2, 12, 13, 1], [12, 5, 13, 1], [12, 11, 13, 1], [14, 8, 17, 1], [8, 15, 17, 1], [15, 16, 17, 1], [15, 14, 17, 1], [18, 11, 20, 1], [11, 19, 20, 1], [19, 12, 20, 1], [19, 18, 20, 1], [19, 12, 22, 1], [12, 21, 22, 1], [21, 14, 22, 1], [21, 19, 22, 1], [21, 14, 24, 1], [14, 23, 24, 1], [23, 15, 24, 1], [23, 21, 24, 1]]}