{"objects": [[0.1, 0.25], [0.1, 0.30000000000000004], [0.15000000000000002, 0.25], [0.15000000000000002, 0.30000000000000004], [0.125, 0.275], [0.2, 0.25], [0.2, 0.30000000000000004], [0.17500000000000002, 0.275], [0.1, 0.2], [0.15000000000000002, 0.2], [0.125, 0.225], [0.2, 0.2], [0.17500000000000002, 0.225], [0.25, 0.2], [0.25, 0.25], [0.30000000000000004, 0.2], [0.30000000000000004, 0.25], [0.275, 0.225], [0.15000000000000002, 0.15000000000000002], [0.2, 0.15000000000000002], [0.17500000000000002, 0.17500000000000002], [0.25, 0.15000000000000002], [0.225, 0.17500000000000002], [0.30000000000000004, 0.15000000000000002], [0.275, 0.17500000000000002]], "springs": [[0, 1, 0.050000000000000044, 30000.0, 0.15], [2, 3, 0.050000000000000044, 30000.0, 0.15], [1, 3, 0.05000000000000002, 30000.0, 0.15], [0, 2, 0.05000000000000002, 30000.0, 0.15], [0, 4, 0.03535533905932738, 30000.0, 0], [1, 4, 0.03535533905932738, 30000.0, 0], [2, 4, 0.03535533905932741, 30000.0, 0], [3, 4, 0.03535533905932741, 30000.0, 0], [5, 6, 0.050000000000000044, 30000.0, 0.15], [3, 6, 0.04999999999999999, 30000.0, 0.15], [2, 5, 0.04999999999999999, 30000.0, 0.15], [2, 7, 0.03535533905932738, 30000.0, 0], [3, 7, 0.03535533905932738, 30000.0, 0], [5, 7, 0.03535533905932738, 30000.0, 0], [6, 7, 0.03535533905932738, 30000.0, 0], [8, 0, 0.04999999999999999, 30000.0, 0.15], [9, 2, 0.04999999999999999, 30000.0, 0.15], [8, 9, 0.05000000000000002, 30000.0, 0.15], [8, 10, 0.03535533905932737, 30000.0, 0], [0, 10, 0.03535533905932737, 30000.0, 0], [9, 10, 0.03535533905932738, 30000.0, 0], [2, 10, 0.03535533905932738, 30000.0, 0], [11, 5, 0.04999999999999999, 30000.0, 0.15], [9, 11, 0.04999999999999999, 30000.0, 0.15], [9, 12, 0.03535533905932737, 30000.0, 0], [2, 12, 0.03535533905932737, 30000.0, 0], [11, 12, 0.03535533905932737, 30000.0, 0], [5, 12, 0.03535533905932737, 30000.0, 0], [13, 14, 0.04999999999999999, 30000.0, 0.15], [15, 16, 0.04999999999999999, 30000.0, 0.15], [14, 16, 0.050000000000000044, 30000.0, 0.15], [13, 15, 0.050000000000000044, 30000.0, 0.15], [13, 17, 0.03535533905932738, 30000.0, 0], [14, 17, 0.03535533905932738, 30000.0, 0], [15, 17, 0.03535533905932738, 30000.0, 0], [16, 17, 0.03535533905932738, 30000.0, 0], [18, 9, 0.04999999999999999, 30000.0, 0.15], [19, 11, 0.04999999999999999, 30000.0, 0.15], [18, 19, 0.04999999999999999, 30000.0, 0.15], [18, 20, 0.03535533905932737, 30000.0, 0], [9, 20, 0.03535533905932737, 30000.0, 0], [19, 20, 0.03535533905932737, 30000.0, 0], [11, 20, 0.03535533905932737, 30000.0, 0], [21, 13, 0.04999999999999999, 30000.0, 0.15], [11, 13, 0.04999999999999999, 30000.0, 0.15], [19, 21, 0.04999999999999999, 30000.0, 0.15], [19, 22, 0.03535533905932737, 30000.0, 0], [11, 22, 0.03535533905932737, 30000.0, 0], [21, 22, 0.03535533905932737, 30000.0, 0], [13, 22, 0.03535533905932737, 30000.0, 0], [23, 15, 0.04999999999999999, 30000.0, 0.15], [21, 23, 0.050000000000000044, 30000.0, 0.15], [21, 24, 0.03535533905932738, 30000.0, 0], [13, 24, 0.03535533905932738, 30000.0, 0], [23, 24, 0.03535533905932738, 30000.0, 0], [15, 24, 0.03535533905932738, 30000.0, 0]], "angle_springs": [[0, 1, 4, 1], [1, 2, 4, 1], [2, 3, 4, 1], [2, 0, 4, 1], [2, 3, 7, 1], [3, 5, 7, 1], [5, 6, 7, 1], [5, 2, 7, 1], [8, 0, 10, 1], [0, 9, 10, 1], [9, 2, 10, 1], [9, 8, 10, 1], [9, 2, 12, 1], [2, 11, 12, 1], [11, 5, 12, 1], [11, 9, 12, 1], [13, 14, 17, 1], [14, 15, 17, 1], [15, 16, 17, 1], [15, 13, 17, 1], [18, 9, 20, 1], [9, 19, 20, 1], [19, 11, 20, 1], [19, 18, 20, 1], [19, 11, 22, 1], [11, 21, 22, 1], [21, 13, 22, 1], [21, 19, 22, 1], [21, 13, 24, 1], [13, 23, 24, 1], [23, 15, 24, 1], [23, 21, 24, 1]]}