{"objects": [[0.1, 0.25], [0.1, 0.30000000000000004], [0.15000000000000002, 0.25], [0.15000000000000002, 0.30000000000000004], [0.125, 0.275], [0.1, 0.2], [0.15000000000000002, 0.2], [0.125, 0.225], [0.2, 0.2], [0.2, 0.25], [0.17500000000000002, 0.225], [0.25, 0.2], [0.25, 0.25], [0.225, 0.225], [0.30000000000000004, 0.2], [0.30000000000000004, 0.25], [0.275, 0.225], [0.25, 0.15000000000000002], [0.30000000000000004, 0.15000000000000002], [0.275, 0.17500000000000002], [0.15000000000000002, 0.1], [0.15000000000000002, 0.15000000000000002], [0.2, 0.1], [0.2, 0.15000000000000002], [0.17500000000000002, 0.125], [0.25, 0.1], [0.225, 0.125], [0.30000000000000004, 0.1], [0.275, 0.125]], "springs": [[0, 1, 0.050000000000000044, 30000.0, 0.15], [2, 3, 0.050000000000000044, 30000.0, 0.15], [1, 3, 0.05000000000000002, 30000.0, 0.15], [0, 2, 0.05000000000000002, 30000.0, 0.15], [0, 4, 0.03535533905932738, 30000.0, 0], [1, 4, 0.03535533905932738, 30000.0, 0], [2, 4, 0.03535533905932741, 30000.0, 0], [3, 4, 0.03535533905932741, 30000.0, 0], [5, 0, 0.04999999999999999, 30000.0, 0.15], [6, 2, 0.04999999999999999, 30000.0, 0.15], [5, 6, 0.05000000000000002, 30000.0, 0.15], [5, 7, 0.03535533905932737, 30000.0, 0], [0, 7, 0.03535533905932737, 30000.0, 0], [6, 7, 0.03535533905932738, 30000.0, 0], [2, 7, 0.03535533905932738, 30000.0, 0], [8, 9, 0.04999999999999999, 30000.0, 0.15], [2, 9, 0.04999999999999999, 30000.0, 0.15], [6, 8, 0.04999999999999999, 30000.0, 0.15], [6, 10, 0.03535533905932737, 30000.0, 0], [2, 10, 0.03535533905932737, 30000.0, 0], [8, 10, 0.03535533905932737, 30000.0, 0], [9, 10, 0.03535533905932737, 30000.0, 0], [11, 12, 0.04999999999999999, 30000.0, 0.15], [9, 12, 0.04999999999999999, 30000.0, 0.15], [8, 11, 0.04999999999999999, 30000.0, 0.15], [8, 13, 0.03535533905932737, 30000.0, 0], [9, 13, 0.03535533905932737, 30000.0, 0], [11, 13, 0.03535533905932737, 30000.0, 0], [12, 13, 0.03535533905932737, 30000.0, 0], [14, 15, 0.04999999999999999, 30000.0, 0.15], [12, 15, 0.050000000000000044, 30000.0, 0.15], [11, 14, 0.050000000000000044, 30000.0, 0.15], [11, 16, 0.03535533905932738, 30000.0, 0], [12, 16, 0.03535533905932738, 30000.0, 0], [14, 16, 0.03535533905932738, 30000.0, 0], [15, 16, 0.03535533905932738, 30000.0, 0], [17, 11, 0.04999999999999999, 30000.0, 0.15], [18, 14, 0.04999999999999999, 30000.0, 0.15], [17, 18, 0.050000000000000044, 30000.0, 0.15], [17, 19, 0.03535533905932738, 30000.0, 0], [11, 19, 0.03535533905932738, 30000.0, 0], [18, 19, 0.03535533905932738, 30000.0, 0], [14, 19, 0.03535533905932738, 30000.0, 0], [20, 21, 0.05000000000000002, 30000.0, 0.15], [22, 23, 0.05000000000000002, 30000.0, 0.15], [21, 23, 0.04999999999999999, 30000.0, 0.15], [20, 22, 0.04999999999999999, 30000.0, 0.15], [20, 24, 0.03535533905932737, 30000.0, 0], [21, 24, 0.03535533905932738, 30000.0, 0], [22, 24, 0.03535533905932737, 30000.0, 0], [23, 24, 0.03535533905932738, 30000.0, 0], [25, 17, 0.05000000000000002, 30000.0, 0.15], [23, 17, 0.04999999999999999, 30000.0, 0.15], [22, 25, 0.04999999999999999, 30000.0, 0.15], [22, 26, 0.03535533905932737, 30000.0, 0], [23, 26, 0.03535533905932738, 30000.0, 0], [25, 26, 0.03535533905932737, 30000.0, 0], [17, 26, 0.03535533905932738, 30000.0, 0], [27, 18, 0.05000000000000002, 30000.0, 0.15], [25, 27, 0.050000000000000044, 30000.0, 0.15], [25, 28, 0.03535533905932738, 30000.0, 0], [17, 28, 0.03535533905932741, 30000.0, 0], [27, 28, 0.03535533905932738, 30000.0, 0], [18, 28, 0.03535533905932741, 30000.0, 0]], "angle_springs": [[0, 1, 4, 1], [1, 2, 4, 1], [2, 3, 4, 1], [2, 0, 4, 1], [5, 0, 7, 1], [0, 6, 7, 1], [6, 2, 7, 1], [6, 5, 7, 1], [6, 2, 10, 1], [2, 8, 10, 1], [8, 9, 10, 1], [8, 6, 10, 1], [8, 9, 13, 1], [9, 11, 13, 1], [11, 12, 13, 1], [11, 8, 13, 1], [11, 12, 16, 1], [12, 14, 16, 1], [14, 15, 16, 1], [14, 11, 16, 1], [17, 11, 19, 1], [11, 18, 19, 1], [18, 14, 19, 1], [18, 17, 19, 1], [20, 21, 24, 1], [21, 22, 24, 1], [22, 23, 24, 1], [22, 20, 24, 1], [22, 23, 26, 1], [23, 25, 26, 1], [25, 17, 26, 1], [25, 22, 26, 1], [25, 17, 28, 1], [17, 27, 28, 1], [27, 18, 28, 1], [27, 25, 28, 1]]}