{"objects": [[0.1, 0.25], [0.1, 0.30000000000000004], [0.15000000000000002, 0.25], [0.15000000000000002, 0.30000000000000004], [0.125, 0.275], [0.2, 0.25], [0.2, 0.30000000000000004], [0.17500000000000002, 0.275], [0.15000000000000002, 0.2], [0.2, 0.2], [0.17500000000000002, 0.225], [0.25, 0.2], [0.25, 0.25], [0.225, 0.225], [0.30000000000000004, 0.2], [0.30000000000000004, 0.25], [0.275, 0.225], [0.1, 0.15000000000000002], [0.1, 0.2], [0.15000000000000002, 0.15000000000000002], [0.125, 0.17500000000000002], [0.2, 0.15000000000000002], [0.17500000000000002, 0.17500000000000002], [0.25, 0.15000000000000002], [0.30000000000000004, 0.15000000000000002], [0.275, 0.17500000000000002], [0.1, 0.1], [0.15000000000000002, 0.1], [0.125, 0.125]], "springs": [[0, 1, 0.050000000000000044, 30000.0, 0.15], [2, 3, 0.050000000000000044, 30000.0, 0.15], [1, 3, 0.05000000000000002, 30000.0, 0.15], [0, 2, 0.05000000000000002, 30000.0, 0.15], [0, 4, 0.03535533905932738, 30000.0, 0], [1, 4, 0.03535533905932738, 30000.0, 0], [2, 4, 0.03535533905932741, 30000.0, 0], [3, 4, 0.03535533905932741, 30000.0, 0], [5, 6, 0.050000000000000044, 30000.0, 0.15], [3, 6, 0.04999999999999999, 30000.0, 0.15], [2, 5, 0.04999999999999999, 30000.0, 0.15], [2, 7, 0.03535533905932738, 30000.0, 0], [3, 7, 0.03535533905932738, 30000.0, 0], [5, 7, 0.03535533905932738, 30000.0, 0], [6, 7, 0.03535533905932738, 30000.0, 0], [8, 2, 0.04999999999999999, 30000.0, 0.15], [9, 5, 0.04999999999999999, 30000.0, 0.15], [8, 9, 0.04999999999999999, 30000.0, 0.15], [8, 10, 0.03535533905932737, 30000.0, 0], [2, 10, 0.03535533905932737, 30000.0, 0], [9, 10, 0.03535533905932737, 30000.0, 0], [5, 10, 0.03535533905932737, 30000.0, 0], [11, 12, 0.04999999999999999, 30000.0, 0.15], [5, 12, 0.04999999999999999, 30000.0, 0.15], [9, 11, 0.04999999999999999, 30000.0, 0.15], [9, 13, 0.03535533905932737, 30000.0, 0], [5, 13, 0.03535533905932737, 30000.0, 0], [11, 13, 0.03535533905932737, 30000.0, 0], [12, 13, 0.03535533905932737, 30000.0, 0], [14, 15, 0.04999999999999999, 30000.0, 0.15], [12, 15, 0.050000000000000044, 30000.0, 0.15], [11, 14, 0.050000000000000044, 30000.0, 0.15], [11, 16, 0.03535533905932738, 30000.0, 0], [12, 16, 0.03535533905932738, 30000.0, 0], [14, 16, 0.03535533905932738, 30000.0, 0], [15, 16, 0.03535533905932738, 30000.0, 0], [17, 18, 0.04999999999999999, 30000.0, 0.15], [19, 8, 0.04999999999999999, 30000.0, 0.15], [18, 8, 0.05000000000000002, 30000.0, 0.15], [17, 19, 0.05000000000000002, 30000.0, 0.15], [17, 20, 0.03535533905932737, 30000.0, 0], [18, 20, 0.03535533905932737, 30000.0, 0], [19, 20, 0.03535533905932738, 30000.0, 0], [8, 20, 0.03535533905932738, 30000.0, 0], [21, 9, 0.04999999999999999, 30000.0, 0.15], [19, 21, 0.04999999999999999, 30000.0, 0.15], [19, 22, 0.03535533905932737, 30000.0, 0], [8, 22, 0.03535533905932737, 30000.0, 0], [21, 22, 0.03535533905932737, 30000.0, 0], [9, 22, 0.03535533905932737, 30000.0, 0], [23, 11, 0.04999999999999999, 30000.0, 0.15], [24, 14, 0.04999999999999999, 30000.0, 0.15], [23, 24, 0.050000000000000044, 30000.0, 0.15], [23, 25, 0.03535533905932738, 30000.0, 0], [11, 25, 0.03535533905932738, 30000.0, 0], [24, 25, 0.03535533905932738, 30000.0, 0], [14, 25, 0.03535533905932738, 30000.0, 0], [26, 17, 0.05000000000000002, 30000.0, 0.15], [27, 19, 0.05000000000000002, 30000.0, 0.15], [26, 27, 0.05000000000000002, 30000.0, 0.15], [26, 28, 0.03535533905932737, 30000.0, 0], [17, 28, 0.03535533905932738, 30000.0, 0], [27, 28, 0.03535533905932738, 30000.0, 0], [19, 28, 0.03535533905932741, 30000.0, 0]], "angle_springs": [[0, 1, 4, 1], [1, 2, 4, 1], [2, 3, 4, 1], [2, 0, 4, 1], [2, 3, 7, 1], [3, 5, 7, 1], [5, 6, 7, 1], [5, 2, 7, 1], [8, 2, 10, 1], [2, 9, 10, 1], [9, 5, 10, 1], [9, 8, 10, 1], [9, 5, 13, 1], [5, 11, 13, 1], [11, 12, 13, 1], [11, 9, 13, 1], [11, 12, 16, 1], [12, 14, 16, 1], [14, 15, 16, 1], [14, 11, 16, 1], [17, 18, 20, 1], [18, 19, 20, 1], [19, 8, 20, 1], [19, 17, 20, 1], [19, 8, 22, 1], [8, 21, 22, 1], [21, 9, 22, 1], [21, 19, 22, 1], [23, 11, 25, 1], [11, 24, 25, 1], [24, 14, 25, 1], [24, 23, 25, 1], [26, 17, 28, 1], [17, 27, 28, 1], [27, 19, 28, 1], [27, 26, 28, 1]]}