{"objects": [[0.1, 0.25], [0.1, 0.30000000000000004], [0.15000000000000002, 0.25], [0.15000000000000002, 0.30000000000000004], [0.125, 0.275], [0.2, 0.25], [0.2, 0.30000000000000004], [0.17500000000000002, 0.275], [0.1, 0.2], [0.15000000000000002, 0.2], [0.125, 0.225], [0.2, 0.2], [0.25, 0.2], [0.25, 0.25], [0.225, 0.225], [0.1, 0.15000000000000002], [0.15000000000000002, 0.15000000000000002], [0.125, 0.17500000000000002], [0.2, 0.15000000000000002], [0.17500000000000002, 0.17500000000000002], [0.25, 0.15000000000000002], [0.225, 0.17500000000000002], [0.1, 0.1], [0.15000000000000002, 0.1], [0.125, 0.125], [0.2, 0.1], [0.25, 0.1], [0.225, 0.125]], "springs": [[0, 1, 0.050000000000000044, 30000.0, 0.15], [2, 3, 0.050000000000000044, 30000.0, 0.15], [1, 3, 0.05000000000000002, 30000.0, 0.15], [0, 2, 0.05000000000000002, 30000.0, 0.15], [0, 4, 0.03535533905932738, 30000.0, 0], [1, 4, 0.03535533905932738, 30000.0, 0], [2, 4, 0.03535533905932741, 30000.0, 0], [3, 4, 0.03535533905932741, 30000.0, 0], [5, 6, 0.050000000000000044, 30000.0, 0.15], [3, 6, 0.04999999999999999, 30000.0, 0.15], [2, 5, 0.04999999999999999, 30000.0, 0.15], [2, 7, 0.03535533905932738, 30000.0, 0], [3, 7, 0.03535533905932738, 30000.0, 0], [5, 7, 0.03535533905932738, 30000.0, 0], [6, 7, 0.03535533905932738, 30000.0, 0], [8, 0, 0.04999999999999999, 30000.0, 0.15], [9, 2, 0.04999999999999999, 30000.0, 0.15], [8, 9, 0.05000000000000002, 30000.0, 0.15], [8, 10, 0.03535533905932737, 30000.0, 0], [0, 10, 0.03535533905932737, 30000.0, 0], [9, 10, 0.03535533905932738, 30000.0, 0], [2, 10, 0.03535533905932738, 30000.0, 0], [11, 5, 0.04999999999999999, 30000.0, 0.15], [12, 13, 0.04999999999999999, 30000.0, 0.15], [5, 13, 0.04999999999999999, 30000.0, 0.15], [11, 12, 0.04999999999999999, 30000.0, 0.15], [11, 14, 0.03535533905932737, 30000.0, 0], [5, 14, 0.03535533905932737, 30000.0, 0], [12, 14, 0.03535533905932737, 30000.0, 0], [13, 14, 0.03535533905932737, 30000.0, 0], [15, 8, 0.04999999999999999, 30000.0, 0.15], [16, 9, 0.04999999999999999, 30000.0, 0.15], [15, 16, 0.05000000000000002, 30000.0, 0.15], [15, 17, 0.03535533905932737, 30000.0, 0], [8, 17, 0.03535533905932737, 30000.0, 0], [16, 17, 0.03535533905932738, 30000.0, 0], [9, 17, 0.03535533905932738, 30000.0, 0], [18, 11, 0.04999999999999999, 30000.0, 0.15], [9, 11, 0.04999999999999999, 30000.0, 0.15], [16, 18, 0.04999999999999999, 30000.0, 0.15], [16, 19, 0.03535533905932737, 30000.0, 0], [9, 19, 0.03535533905932737, 30000.0, 0], [18, 19, 0.03535533905932737, 30000.0, 0], [11, 19, 0.03535533905932737, 30000.0, 0], [20, 12, 0.04999999999999999, 30000.0, 0.15], [18, 20, 0.04999999999999999, 30000.0, 0.15], [18, 21, 0.03535533905932737, 30000.0, 0], [11, 21, 0.03535533905932737, 30000.0, 0], [20, 21, 0.03535533905932737, 30000.0, 0], [12, 21, 0.03535533905932737, 30000.0, 0], [22, 15, 0.05000000000000002, 30000.0, 0.15], [23, 16, 0.05000000000000002, 30000.0, 0.15], [22, 23, 0.05000000000000002, 30000.0, 0.15], [22, 24, 0.03535533905932737, 30000.0, 0], [15, 24, 0.03535533905932738, 30000.0, 0], [23, 24, 0.03535533905932738, 30000.0, 0], [16, 24, 0.03535533905932741, 30000.0, 0], [25, 18, 0.05000000000000002, 30000.0, 0.15], [26, 20, 0.05000000000000002, 30000.0, 0.15], [25, 26, 0.04999999999999999, 30000.0, 0.15], [25, 27, 0.03535533905932737, 30000.0, 0], [18, 27, 0.03535533905932738, 30000.0, 0], [26, 27, 0.03535533905932737, 30000.0, 0], [20, 27, 0.03535533905932738, 30000.0, 0]], "angle_springs": [[0, 1, 4, 1], [1, 2, 4, 1], [2, 3, 4, 1], [2, 0, 4, 1], [2, 3, 7, 1], [3, 5, 7, 1], [5, 6, 7, 1], [5, 2, 7, 1], [8, 0, 10, 1], [0, 9, 10, 1], [9, 2, 10, 1], [9, 8, 10, 1], [11, 5, 14, 1], [5, 12, 14, 1], [12, 13, 14, 1], [12, 11, 14, 1], [15, 8, 17, 1], [8, 16, 17, 1], [16, 9, 17, 1], [16, 15, 17, 1], [16, 9, 19, 1], [9, 18, 19, 1], [18, 11, 19, 1], [18, 16, 19, 1], [18, 11, 21, 1], [11, 20, 21, 1], [20, 12, 21, 1], [20, 18, 21, 1], [22, 15, 24, 1], [15, 23, 24, 1], [23, 16, 24, 1], [23, 22, 24, 1], [25, 18, 27, 1], [18, 26, 27, 1], [26, 20, 27, 1], [26, 25, 27, 1]]}