{"objects": [[0.1, 0.25], [0.1, 0.30000000000000004], [0.15000000000000002, 0.25], [0.15000000000000002, 0.30000000000000004], [0.125, 0.275], [0.2, 0.25], [0.2, 0.30000000000000004], [0.17500000000000002, 0.275], [0.15000000000000002, 0.2], [0.2, 0.2], [0.17500000000000002, 0.225], [0.25, 0.2], [0.25, 0.25], [0.225, 0.225], [0.1, 0.15000000000000002], [0.1, 0.2], [0.15000000000000002, 0.15000000000000002], [0.125, 0.17500000000000002], [0.2, 0.15000000000000002], [0.25, 0.15000000000000002], [0.225, 0.17500000000000002], [0.1, 0.1], [0.15000000000000002, 0.1], [0.125, 0.125], [0.2, 0.1], [0.17500000000000002, 0.125], [0.25, 0.1], [0.225, 0.125]], "springs": [[0, 1, 0.050000000000000044, 30000.0, 0.15], [2, 3, 0.050000000000000044, 30000.0, 0.15], [1, 3, 0.05000000000000002, 30000.0, 0.15], [0, 2, 0.05000000000000002, 30000.0, 0.15], [0, 4, 0.03535533905932738, 30000.0, 0], [1, 4, 0.03535533905932738, 30000.0, 0], [2, 4, 0.03535533905932741, 30000.0, 0], [3, 4, 0.03535533905932741, 30000.0, 0], [5, 6, 0.050000000000000044, 30000.0, 0.15], [3, 6, 0.04999999999999999, 30000.0, 0.15], [2, 5, 0.04999999999999999, 30000.0, 0.15], [2, 7, 0.03535533905932738, 30000.0, 0], [3, 7, 0.03535533905932738, 30000.0, 0], [5, 7, 0.03535533905932738, 30000.0, 0], [6, 7, 0.03535533905932738, 30000.0, 0], [8, 2, 0.04999999999999999, 30000.0, 0.15], [9, 5, 0.04999999999999999, 30000.0, 0.15], [8, 9, 0.04999999999999999, 30000.0, 0.15], [8, 10, 0.03535533905932737, 30000.0, 0], [2, 10, 0.03535533905932737, 30000.0, 0], [9, 10, 0.03535533905932737, 30000.0, 0], [5, 10, 0.03535533905932737, 30000.0, 0], [11, 12, 0.04999999999999999, 30000.0, 0.15], [5, 12, 0.04999999999999999, 30000.0, 0.15], [9, 11, 0.04999999999999999, 30000.0, 0.15], [9, 13, 0.03535533905932737, 30000.0, 0], [5, 13, 0.03535533905932737, 30000.0, 0], [11, 13, 0.03535533905932737, 30000.0, 0], [12, 13, 0.03535533905932737, 30000.0, 0], [14, 15, 0.04999999999999999, 30000.0, 0.15], [16, 8, 0.04999999999999999, 30000.0, 0.15], [15, 8, 0.05000000000000002, 30000.0, 0.15], [14, 16, 0.05000000000000002, 30000.0, 0.15], [14, 17, 0.03535533905932737, 30000.0, 0], [15, 17, 0.03535533905932737, 30000.0, 0], [16, 17, 0.03535533905932738, 30000.0, 0], [8, 17, 0.03535533905932738, 30000.0, 0], [18, 9, 0.04999999999999999, 30000.0, 0.15], [19, 11, 0.04999999999999999, 30000.0, 0.15], [18, 19, 0.04999999999999999, 30000.0, 0.15], [18, 20, 0.03535533905932737, 30000.0, 0], [9, 20, 0.03535533905932737, 30000.0, 0], [19, 20, 0.03535533905932737, 30000.0, 0], [11, 20, 0.03535533905932737, 30000.0, 0], [21, 14, 0.05000000000000002, 30000.0, 0.15], [22, 16, 0.05000000000000002, 30000.0, 0.15], [21, 22, 0.05000000000000002, 30000.0, 0.15], [21, 23, 0.03535533905932737, 30000.0, 0], [14, 23, 0.03535533905932738, 30000.0, 0], [22, 23, 0.03535533905932738, 30000.0, 0], [16, 23, 0.03535533905932741, 30000.0, 0], [24, 18, 0.05000000000000002, 30000.0, 0.15], [16, 18, 0.04999999999999999, 30000.0, 0.15], [22, 24, 0.04999999999999999, 30000.0, 0.15], [22, 25, 0.03535533905932737, 30000.0, 0], [16, 25, 0.03535533905932738, 30000.0, 0], [24, 25, 0.03535533905932737, 30000.0, 0], [18, 25, 0.03535533905932738, 30000.0, 0], [26, 19, 0.05000000000000002, 30000.0, 0.15], [24, 26, 0.04999999999999999, 30000.0, 0.15], [24, 27, 0.03535533905932737, 30000.0, 0], [18, 27, 0.03535533905932738, 30000.0, 0], [26, 27, 0.03535533905932737, 30000.0, 0], [19, 27, 0.03535533905932738, 30000.0, 0]], "angle_springs": [[0, 1, 4, 1], [1, 2, 4, 1], [2, 3, 4, 1], [2, 0, 4, 1], [2, 3, 7, 1], [3, 5, 7, 1], [5, 6, 7, 1], [5, 2, 7, 1], [8, 2, 10, 1], [2, 9, 10, 1], [9, 5, 10, 1], [9, 8, 10, 1], [9, 5, 13, 1], [5, 11, 13, 1], [11, 12, 13, 1], [11, 9, 13, 1], [14, 15, 17, 1], [15, 16, 17, 1], [16, 8, 17, 1], [16, 14, 17, 1], [18, 9, 20, 1], [9, 19, 20, 1], [19, 11, 20, 1], [19, 18, 20, 1], [21, 14, 23, 1], [14, 22, 23, 1], [22, 16, 23, 1], [22, 21, 23, 1], [22, 16, 25, 1], [16, 24, 25, 1], [24, 18, 25, 1], [24, 22, 25, 1], [24, 18, 27, 1], [18, 26, 27, 1], [26, 19, 27, 1], [26, 24, 27, 1]]}