{"robots/0.json":[-0.10741022974252701, -0.1188371479511261, -0.14138579368591309, -0.16001640260219574, -0.14109861850738525]}
{"robots/1.json":[-0.18255609273910522, -0.20049870014190674, -0.19288472831249237, -0.1815072000026703, -0.23082220554351807]}
{"robots/0.json":[-0.10741022974252701, -0.1188371479511261, -0.14138579368591309, -0.16001640260219574, -0.14109861850738525]}
{"robots/1.json":[-0.18255609273910522, -0.20049870014190674, -0.19288472831249237, -0.1815072000026703, -0.23082220554351807]}
{"robots/0.json":[-0.10741022974252701, -0.1188371479511261, -0.14138579368591309, -0.16001640260219574, -0.14109861850738525]}
{"robots/1.json":[-0.18255609273910522, -0.20049870014190674, -0.19288472831249237, -0.1815072000026703, -0.23082220554351807]}
{"robots/0.json":[-0.10741022974252701, -0.1188371479511261, -0.14138579368591309, -0.16001640260219574, -0.14109861850738525]}
{"robots/1.json":[-0.18255609273910522, -0.20049870014190674, -0.19288472831249237, -0.1815072000026703, -0.23082220554351807]}
{"robots/0.json":[-0.10741022974252701, -0.1188371479511261, -0.14138579368591309, -0.16001640260219574, -0.14109861850738525]}
{"robots/1.json":[-0.18255609273910522, -0.20049870014190674, -0.19288472831249237, -0.1815072000026703, -0.23082220554351807]}
