{"robots/0.json":[0.9180722832679749, 0.9054052233695984, 0.910074770450592, 0.8919020295143127, 0.8859937191009521, 0.8625971674919128, 0.8549412488937378, 0.8385470509529114, 0.8310891389846802, 0.823430061340332, 0.8250155448913574, 0.8092779517173767, 0.8087978959083557, 0.7935498952865601, 0.7583525776863098, 0.7458395957946777, 0.7785993218421936, 0.7240468263626099, 0.7109998464584351, 0.7422353029251099, 0.6841582655906677, 0.671026885509491, 0.6938009262084961, 0.6536586880683899, 0.681696355342865, 0.6678744554519653, 0.705937922000885, 0.6867157220840454, 0.6680924296379089, 0.6523422002792358, 0.6625813245773315, 0.635003924369812, 0.6563530564308167, 0.7106364369392395, 0.7827562093734741, 0.705854594707489, 0.6249623894691467, 0.627415657043457, 0.6776124835014343, 0.6102055311203003, 0.6147724986076355, 0.6732301712036133, 0.6195040345191956, 0.5981339812278748, 0.6354807019233704, 0.6369315385818481, 0.6176282167434692, 0.600085973739624, 0.5820174217224121, 0.6121194958686829, 0.6376502513885498, 0.6348419785499573, 0.6050450801849365, 0.6049009561538696, 0.5561374425888062, 0.5857327580451965, 0.5730247497558594, 0.5630789399147034, 0.6964888572692871, 0.5862208008766174, 0.5850315690040588, 0.5974268913269043, 0.5423163771629333, 0.6051883101463318, 0.5468654632568359, 0.5685465931892395, 0.5882299542427063, 0.5727673172950745, 0.5816552639007568, 0.5459005236625671, 0.57274329662323, 0.5185095071792603, 0.557470440864563, 0.5005786418914795, 0.6023651361465454, 0.48392167687416077, 0.5323273539543152, 0.5308792591094971, 0.5399453043937683, 0.48844781517982483, 0.5343824028968811, 0.5452635288238525, 0.5450696349143982, 0.4921591281890869, 0.5242608189582825, 0.4704146981239319, 0.5137130618095398, 0.49101871252059937, 0.555386483669281, 0.5251448750495911, 0.49582692980766296, 0.5170592665672302, 0.4905445873737335, 0.4880373477935791, 0.5188013911247253, 0.49240565299987793, 0.5166854858398438, 0.4688551723957062, 0.4762241244316101, 0.5021382570266724]}
{"robots/1.json":[0.827521800994873, 0.794744074344635, 0.8323498964309692, 0.8137603402137756, 0.8070909976959229, 0.818760097026825, 0.7899251580238342, 0.8243736028671265, 0.781979501247406, 0.8239436149597168, 0.7716345191001892, 0.7685814499855042, 0.7511001229286194, 0.7534887790679932, 0.7496300339698792, 0.7933598756790161, 0.7546691298484802, 0.7939304113388062, 0.7802830934524536, 0.778052568435669, 0.7473627924919128, 0.7288714051246643, 0.7275949120521545, 0.783536970615387, 0.7229446768760681, 0.7704393267631531, 0.7379741072654724, 0.7551364898681641, 0.7855952382087708, 0.742472767829895, 0.7720727324485779, 0.7663947939872742, 0.7452733516693115, 0.7333270907402039, 0.7586921453475952, 0.7536699175834656, 0.7786510586738586, 0.7675204873085022, 0.7666497826576233, 0.7628088593482971, 0.7686761617660522, 0.7970128059387207, 0.7988674640655518, 0.7857164740562439, 0.7460610270500183, 0.7678062319755554, 0.7918868660926819, 0.7394871711730957, 0.788424015045166, 0.7893162369728088, 0.7960663437843323, 0.7763383984565735, 0.7681049108505249, 0.7990939617156982, 0.7415523529052734, 0.8029887080192566, 0.7604946494102478, 0.7270835041999817, 0.7647283673286438, 0.8084907531738281, 0.6505032181739807, 0.7176328897476196, 0.7393785715103149, 0.7492548227310181, 0.7691830992698669, 0.7748910784721375, 0.7350791096687317, 0.7484737634658813, 0.7674580216407776, 0.7567366361618042, 0.7592666745185852, 0.7458891868591309, 0.8029316067695618, 0.7718586325645447, 0.7511414885520935, 0.803268551826477, 0.7655788660049438, 0.8288899660110474, 0.7476412653923035, 0.770754873752594, 0.7777984142303467, 0.7091389894485474, 0.7819576859474182, 0.7912562489509583, 0.7917912602424622, 0.7739195823669434, 0.7860276103019714, 0.8055891394615173, 0.800609827041626, 0.7847639322280884, 0.7571319341659546, 0.8065783977508545, 0.814831018447876, 0.7664848566055298, 0.7822087407112122, 0.829530656337738, 0.8285915851593018, 0.789351761341095, 0.7857769131660461, 0.8143739104270935]}
