{"robots/0.json":[-0.10383547842502594, -0.10849092900753021, -0.11175896972417831, -0.12425976991653442, -0.13439080119132996, -0.1619398146867752, -0.17428073287010193, -0.17111024260520935, -0.12959294021129608, -0.12748314440250397, -0.07297328114509583, -0.07614421844482422, -0.07195652276277542, -0.07791316509246826, -0.09235723316669464, -0.12402858585119247, -0.10657453536987305, -0.102794349193573, -0.12109166383743286, -0.047961924225091934]}
{"robots/1.json":[-0.040429674088954926, -0.073540598154068, -0.08747858554124832, -0.11212147772312164, -0.11169373244047165, -0.1102122813463211, -0.08159603923559189, -0.11675246804952621, -0.12297483533620834, -0.10614212602376938, -0.10683776438236237, -0.11259298026561737, -0.08786065876483917, -0.08186019212007523, -0.10703786462545395, -0.11213979125022888, -0.11912519484758377, -0.11284416168928146, -0.12888658046722412, -0.11473049223423004]}
{"robots/0.json":[-0.0, -0.10383547842502594, -0.10849092900753021, -0.11175896972417831, -0.12425976991653442, -0.13439080119132996, -0.1619398146867752, -0.17428073287010193, -0.17111024260520935, -0.12959294021129608, -0.12748314440250397, -0.07297328114509583, -0.07614421844482422, -0.07195652276277542, -0.07791316509246826, -0.09235723316669464, -0.12402858585119247, -0.10657453536987305, -0.102794349193573, -0.12109166383743286]}
